customer_id,customer_prefecture
1,鳥取県
2,石川県
3,大阪府
4,佐賀県
5,新潟県
6,長野県
7,埼玉県
8,愛知県
9,青森県
10,鳥取県
11,神奈川県
12,愛知県
13,島根県
14,青森県
15,東京都
16,熊本県
17,石川県
18,東京都
19,大阪府
20,青森県
21,兵庫県
22,三重県
23,石川県
24,鳥取県
25,秋田県
26,和歌山県
27,大分県
28,大分県
29,静岡県
30,群馬県
31,福島県
32,徳島県
33,宮崎県
34,青森県
35,静岡県
36,福岡県
37,千葉県
38,京都府
39,福井県
40,島根県
41,山形県
42,静岡県
43,大阪府
44,神奈川県
45,島根県
46,秋田県
47,群馬県
48,秋田県
49,愛知県
50,島根県
51,新潟県
52,新潟県
53,富山県
54,和歌山県
55,福岡県
56,大分県
57,富山県
58,沖縄県
59,山形県
60,埼玉県
61,福島県
62,滋賀県
63,静岡県
64,兵庫県
65,長野県
66,愛媛県
67,山口県
68,大阪府
69,東京都
70,沖縄県
71,広島県
72,静岡県
73,兵庫県
74,山梨県
75,愛知県
76,東京都
77,秋田県
78,大阪府
79,佐賀県
80,愛媛県
81,青森県
82,東京都
83,大阪府
84,山形県
85,大阪府
86,北海道
87,山口県
88,滋賀県
89,兵庫県
90,宮崎県
91,大阪府
92,北海道
93,兵庫県
94,熊本県
95,宮城県
96,栃木県
97,島根県
98,東京都
99,栃木県
100,神奈川県
101,京都府
102,長崎県
103,山口県
104,香川県
105,埼玉県
106,愛知県
107,千葉県
108,徳島県
109,愛知県
110,鳥取県
111,沖縄県
112,愛媛県
113,千葉県
114,徳島県
115,鹿児島県
116,奈良県
117,宮崎県
118,群馬県
119,東京都
120,千葉県
121,熊本県
122,山口県
123,静岡県
124,大分県
125,徳島県
126,徳島県
127,群馬県
128,宮崎県
129,群馬県
130,大阪府
131,宮崎県
132,福岡県
133,滋賀県
134,奈良県
135,高知県
136,兵庫県
137,青森県
138,宮城県
139,兵庫県
140,宮城県
141,徳島県
142,大阪府
143,京都府
144,山形県
145,佐賀県
146,山梨県
147,神奈川県
148,東京都
149,大阪府
150,静岡県
151,静岡県
152,熊本県
153,長崎県
154,鹿児島県
155,福岡県
156,長崎県
157,千葉県
158,静岡県
159,大阪府
160,岐阜県
161,栃木県
162,山形県
163,新潟県
164,宮崎県
165,広島県
166,東京都
167,京都府
168,福井県
169,石川県
170,滋賀県
171,埼玉県
172,岐阜県
173,兵庫県
174,大阪府
175,和歌山県
176,埼玉県
177,香川県
178,和歌山県
179,山口県
180,大阪府
181,大阪府
182,静岡県
183,大阪府
184,福井県
185,石川県
186,沖縄県
187,大阪府
188,香川県
189,宮城県
190,熊本県
191,鹿児島県
192,福島県
193,島根県
194,山梨県
195,奈良県
196,大分県
197,東京都
198,三重県
199,長野県
200,石川県
201,大阪府
202,滋賀県
203,秋田県
204,新潟県
205,神奈川県
206,福井県
207,広島県
208,北海道
209,愛媛県
210,東京都
211,京都府
212,山形県
213,青森県
214,京都府
215,福岡県
216,宮崎県
217,山梨県
218,徳島県
219,山口県
220,宮崎県
221,大阪府
222,佐賀県
223,静岡県
224,沖縄県
225,島根県
226,千葉県
227,神奈川県
228,静岡県
229,宮崎県
230,愛媛県
231,宮崎県
232,島根県
233,鹿児島県
234,石川県
235,神奈川県
236,岩手県
237,岡山県
238,和歌山県
239,香川県
240,高知県
241,福島県
242,佐賀県
243,沖縄県
244,東京都
245,佐賀県
246,福島県
247,大阪府
248,富山県
249,大阪府
250,山形県
251,徳島県
252,静岡県
253,神奈川県
254,奈良県
255,山口県
256,青森県
257,千葉県
258,福島県
259,青森県
260,神奈川県
261,島根県
262,島根県
263,神奈川県
264,秋田県
265,茨城県
266,長崎県
267,東京都
268,香川県
269,岐阜県
270,東京都
271,高知県
272,岩手県
273,秋田県
274,群馬県
275,広島県
276,京都府
277,埼玉県
278,高知県
279,福島県
280,長崎県
281,三重県
282,山口県
283,三重県
284,愛媛県
285,秋田県
286,佐賀県
287,長崎県
288,秋田県
289,石川県
290,岡山県
291,佐賀県
292,長野県
293,滋賀県
294,岩手県
295,静岡県
296,和歌山県
297,和歌山県
298,群馬県
299,岐阜県
300,香川県
301,大阪府
302,福岡県
303,高知県
304,大阪府
305,埼玉県
306,兵庫県
307,大阪府
308,青森県
309,大阪府
310,茨城県
311,佐賀県
312,沖縄県
313,山形県
314,熊本県
315,石川県
316,石川県
317,長野県
318,東京都
319,宮崎県
320,京都府
321,大阪府
322,栃木県
323,宮城県
324,奈良県
325,徳島県
326,沖縄県
327,愛知県
328,長崎県
329,沖縄県
330,愛媛県
331,東京都
332,宮崎県
333,栃木県
334,京都府
335,和歌山県
336,福井県
337,静岡県
338,大阪府
339,山形県
340,鹿児島県
341,佐賀県
342,愛媛県
343,秋田県
344,鹿児島県
345,和歌山県
346,東京都
347,新潟県
348,岩手県
349,静岡県
350,愛知県
351,群馬県
352,三重県
353,沖縄県
354,愛知県
355,佐賀県
356,福岡県
357,島根県
358,北海道
359,佐賀県
360,広島県
361,宮城県
362,富山県
363,東京都
364,大阪府
365,愛媛県
366,長野県
367,北海道
368,石川県
369,大阪府
370,新潟県
371,愛媛県
372,山口県
373,鹿児島県
374,愛媛県
375,福井県
376,山形県
377,静岡県
378,山口県
379,岩手県
380,島根県
381,静岡県
382,山梨県
383,島根県
384,新潟県
385,群馬県
386,佐賀県
387,神奈川県
388,大阪府
389,兵庫県
390,香川県
391,神奈川県
392,福島県
393,福岡県
394,新潟県
395,佐賀県
396,鹿児島県
397,熊本県
398,鹿児島県
399,神奈川県
400,三重県
401,茨城県
402,京都府
403,福岡県
404,静岡県
405,青森県
406,佐賀県
407,神奈川県
408,徳島県
409,宮崎県
410,三重県
411,大阪府
412,大阪府
413,大阪府
414,大阪府
415,青森県
416,山形県
417,香川県
418,茨城県
419,新潟県
420,北海道
421,沖縄県
422,山梨県
423,静岡県
424,大分県
425,愛知県
426,宮崎県
427,大阪府
428,富山県
429,愛媛県
430,大阪府
431,東京都
432,奈良県
433,新潟県
434,大分県
435,群馬県
436,京都府
437,鹿児島県
438,大阪府
439,佐賀県
440,愛知県
441,奈良県
442,岩手県
443,熊本県
444,高知県
445,富山県
446,千葉県
447,茨城県
448,神奈川県
449,大阪府
450,宮城県
451,京都府
452,山口県
453,鹿児島県
454,佐賀県
455,京都府
456,福岡県
457,滋賀県
458,石川県
459,沖縄県
460,福島県
461,岩手県
462,東京都
463,岐阜県
464,埼玉県
465,長野県
466,静岡県
467,大阪府
468,大阪府
469,大分県
470,東京都
471,石川県
472,三重県
473,福島県
474,青森県
475,大分県
476,大阪府
477,三重県
478,山梨県
479,東京都
480,長崎県
481,熊本県
482,京都府
483,奈良県
484,東京都
485,神奈川県
486,京都府
487,鳥取県
488,栃木県
489,大阪府
490,神奈川県
491,鳥取県
492,宮崎県
493,高知県
494,長崎県
495,岐阜県
496,栃木県
497,広島県
498,愛知県
499,福井県
500,石川県
501,高知県
502,大阪府
503,群馬県
504,山梨県
505,鹿児島県
506,佐賀県
507,岡山県
508,山口県
509,東京都
510,青森県
511,愛知県
512,高知県
513,愛知県
514,宮崎県
515,熊本県
516,香川県
517,広島県
518,東京都
519,兵庫県
520,愛媛県
521,大阪府
522,兵庫県
523,大分県
524,青森県
525,三重県
526,宮城県
527,群馬県
528,東京都
529,鳥取県
530,奈良県
531,高知県
532,岡山県
533,茨城県
534,高知県
535,兵庫県
536,青森県
537,東京都
538,長崎県
539,山形県
540,青森県
541,岡山県
542,愛媛県
543,秋田県
544,群馬県
545,大分県
546,長野県
547,大阪府
548,宮崎県
549,岐阜県
550,青森県
551,大分県
552,宮崎県
553,宮城県
554,神奈川県
555,滋賀県
556,東京都
557,埼玉県
558,東京都
559,広島県
560,長崎県
561,青森県
562,東京都
563,東京都
564,鳥取県
565,千葉県
566,兵庫県
567,秋田県
568,京都府
569,高知県
570,富山県
571,京都府
572,兵庫県
573,宮崎県
574,東京都
575,長野県
576,山口県
577,千葉県
578,兵庫県
579,広島県
580,山梨県
581,長野県
582,岡山県
583,佐賀県
584,神奈川県
585,静岡県
586,島根県
587,和歌山県
588,富山県
589,東京都
590,奈良県
591,福井県
592,宮崎県
593,滋賀県
594,高知県
595,山形県
596,長崎県
597,岩手県
598,大阪府
599,茨城県
600,兵庫県
601,東京都
602,大阪府
603,愛知県
604,青森県
605,滋賀県
606,京都府
607,愛媛県
608,長野県
609,福島県
610,京都府
611,山形県
612,長野県
613,宮崎県
614,神奈川県
615,滋賀県
616,埼玉県
617,茨城県
618,高知県
619,宮崎県
620,東京都
621,福岡県
622,兵庫県
623,福島県
624,三重県
625,千葉県
626,群馬県
627,新潟県
628,東京都
629,熊本県
630,岩手県
631,兵庫県
632,石川県
633,埼玉県
634,大阪府
635,新潟県
636,高知県
637,奈良県
638,茨城県
639,滋賀県
640,福井県
641,福島県
642,奈良県
643,広島県
644,新潟県
645,北海道
646,山梨県
647,広島県
648,茨城県
649,福島県
650,佐賀県
651,福島県
652,愛知県
653,千葉県
654,群馬県
655,長野県
656,奈良県
657,滋賀県
658,千葉県
659,香川県
660,山口県
661,大阪府
662,山口県
663,岡山県
664,岡山県
665,奈良県
666,岡山県
667,熊本県
668,鳥取県
669,佐賀県
670,山形県
671,岐阜県
672,香川県
673,和歌山県
674,石川県
675,兵庫県
676,香川県
677,兵庫県
678,山口県
679,京都府
680,京都府
681,和歌山県
682,奈良県
683,岩手県
684,愛媛県
685,群馬県
686,富山県
687,熊本県
688,群馬県
689,茨城県
690,山口県
691,佐賀県
692,東京都
693,兵庫県
694,岐阜県
695,京都府
696,山梨県
697,栃木県
698,鹿児島県
699,石川県
700,岐阜県
701,群馬県
702,徳島県
703,北海道
704,長野県
705,広島県
706,愛媛県
707,広島県
708,青森県
709,大分県
710,大阪府
711,静岡県
712,香川県
713,岩手県
714,愛知県
715,群馬県
716,長野県
717,奈良県
718,神奈川県
719,静岡県
720,青森県
721,福島県
722,山梨県
723,兵庫県
724,宮城県
725,茨城県
726,香川県
727,大分県
728,山形県
729,北海道
730,和歌山県
731,東京都
732,富山県
733,島根県
734,大阪府
735,大阪府
736,宮城県
737,山形県
738,宮城県
739,熊本県
740,愛知県
741,愛知県
742,奈良県
743,高知県
744,福島県
745,茨城県
746,和歌山県
747,石川県
748,長崎県
749,宮城県
750,福井県
751,青森県
752,鳥取県
753,岩手県
754,神奈川県
755,徳島県
756,愛知県
757,岐阜県
758,青森県
759,大阪府
760,石川県
761,宮崎県
762,宮崎県
763,山口県
764,宮城県
765,石川県
766,長崎県
767,青森県
768,神奈川県
769,鳥取県
770,高知県
771,京都府
772,愛知県
773,徳島県
774,山梨県
775,北海道
776,三重県
777,奈良県
778,茨城県
779,沖縄県
780,京都府
781,広島県
782,山口県
783,沖縄県
784,兵庫県
785,長崎県
786,長崎県
787,福井県
788,秋田県
789,熊本県
790,福岡県
791,広島県
792,兵庫県
793,千葉県
794,京都府
795,鳥取県
796,徳島県
797,北海道
798,静岡県
799,東京都
800,新潟県
801,徳島県
802,東京都
803,大阪府
804,茨城県
805,茨城県
806,奈良県
807,香川県
808,東京都
809,神奈川県
810,広島県
811,岐阜県
812,北海道
813,広島県
814,高知県
815,北海道
816,大阪府
817,群馬県
818,新潟県
819,大阪府
820,富山県
821,富山県
822,鹿児島県
823,兵庫県
824,富山県
825,鳥取県
826,岡山県
827,兵庫県
828,沖縄県
829,福井県
830,高知県
831,東京都
832,山梨県
833,大阪府
834,京都府
835,熊本県
836,和歌山県
837,三重県
838,兵庫県
839,香川県
840,山形県
841,東京都
842,福井県
843,青森県
844,福岡県
845,福井県
846,大阪府
847,青森県
848,石川県
849,宮城県
850,新潟県
851,岐阜県
852,東京都
853,静岡県
854,宮城県
855,山梨県
856,愛知県
857,徳島県
858,兵庫県
859,岐阜県
860,栃木県
861,福井県
862,神奈川県
863,高知県
864,長野県
865,京都府
866,愛知県
867,広島県
868,佐賀県
869,鹿児島県
870,長野県
871,佐賀県
872,山形県
873,山梨県
874,新潟県
875,東京都
876,東京都
877,鳥取県
878,東京都
879,青森県
880,青森県
881,徳島県
882,富山県
883,茨城県
884,北海道
885,沖縄県
886,鳥取県
887,佐賀県
888,静岡県
889,埼玉県
890,群馬県
891,千葉県
892,鹿児島県
893,沖縄県
894,兵庫県
895,大分県
896,富山県
897,群馬県
898,鳥取県
899,宮城県
900,千葉県
901,神奈川県
902,神奈川県
903,沖縄県
904,佐賀県
905,香川県
906,新潟県
907,熊本県
908,愛媛県
909,青森県
910,島根県
911,大阪府
912,岐阜県
913,山形県
914,京都府
915,東京都
916,福岡県
917,沖縄県
918,宮城県
919,熊本県
920,香川県
921,香川県
922,鳥取県
923,愛知県
924,長崎県
925,福井県
926,福島県
927,茨城県
928,神奈川県
929,東京都
930,大阪府
931,京都府
932,大阪府
933,和歌山県
934,群馬県
935,栃木県
936,京都府
937,岡山県
938,福岡県
939,宮城県
940,愛媛県
941,熊本県
942,熊本県
943,愛媛県
944,東京都
945,徳島県
946,鳥取県
947,東京都
948,新潟県
949,群馬県
950,香川県
951,大阪府
952,秋田県
953,高知県
954,山形県
955,静岡県
956,鳥取県
957,滋賀県
958,岡山県
959,山口県
960,兵庫県
961,宮崎県
962,山形県
963,愛知県
964,山梨県
965,千葉県
966,福井県
967,長野県
968,栃木県
969,熊本県
970,福井県
971,熊本県
972,鹿児島県
973,長崎県
974,大阪府
975,広島県
976,大阪府
977,香川県
978,岐阜県
979,三重県
980,京都府
981,大阪府
982,愛知県
983,愛媛県
984,鳥取県
985,香川県
986,和歌山県
987,兵庫県
988,佐賀県
989,長崎県
990,石川県
991,岐阜県
992,石川県
993,高知県
994,熊本県
995,大阪府
996,群馬県
997,兵庫県
998,神奈川県
999,奈良県
1000,新潟県
1001,佐賀県
1002,福井県
1003,高知県
1004,高知県
1005,沖縄県
1006,石川県
1007,福井県
1008,香川県
1009,岡山県
1010,京都府
1011,宮城県
1012,兵庫県
1013,兵庫県
1014,岩手県
1015,山口県
1016,神奈川県
1017,栃木県
1018,石川県
1019,長崎県
1020,奈良県
1021,大阪府
1022,山口県
1023,岐阜県
1024,山形県
1025,兵庫県
1026,大阪府
1027,栃木県
1028,山梨県
1029,大阪府
1030,北海道
1031,徳島県
1032,大阪府
1033,千葉県
1034,奈良県
1035,宮城県
1036,山梨県
1037,島根県
1038,石川県
1039,千葉県
1040,岐阜県
1041,島根県
1042,大阪府
1043,愛媛県
1044,沖縄県
1045,大分県
1046,大阪府
1047,京都府
1048,新潟県
1049,東京都
1050,神奈川県
1051,京都府
1052,石川県
1053,山形県
1054,大阪府
1055,熊本県
1056,石川県
1057,奈良県
1058,山形県
1059,富山県
1060,神奈川県
1061,秋田県
1062,熊本県
1063,奈良県
1064,神奈川県
1065,岐阜県
1066,秋田県
1067,大阪府
1068,和歌山県
1069,青森県
1070,新潟県
1071,高知県
1072,大阪府
1073,大分県
1074,千葉県
1075,山梨県
1076,長崎県
1077,大阪府
1078,高知県
1079,栃木県
1080,島根県
1081,石川県
1082,長崎県
1083,福島県
1084,大阪府
1085,長崎県
1086,長野県
1087,茨城県
1088,佐賀県
1089,島根県
1090,高知県
1091,鳥取県
1092,栃木県
1093,愛知県
1094,広島県
1095,青森県
1096,栃木県
1097,兵庫県
1098,大阪府
1099,栃木県
1100,福岡県
1101,大阪府
1102,愛媛県
1103,岐阜県
1104,兵庫県
1105,広島県
1106,山形県
1107,鳥取県
1108,兵庫県
1109,千葉県
1110,兵庫県
1111,京都府
1112,東京都
1113,京都府
1114,長野県
1115,京都府
1116,沖縄県
1117,千葉県
1118,新潟県
1119,石川県
1120,新潟県
1121,和歌山県
1122,鳥取県
1123,京都府
1124,大阪府
1125,福岡県
1126,福井県
1127,島根県
1128,鹿児島県
1129,山形県
1130,愛媛県
1131,鳥取県
1132,徳島県
1133,長野県
1134,徳島県
1135,和歌山県
1136,福岡県
1137,愛知県
1138,山形県
1139,新潟県
1140,岩手県
1141,大阪府
1142,福井県
1143,大分県
1144,佐賀県
1145,兵庫県
1146,宮崎県
1147,青森県
1148,京都府
1149,岡山県
1150,宮崎県
1151,兵庫県
1152,長野県
1153,鹿児島県
1154,山形県
1155,長崎県
1156,三重県
1157,宮城県
1158,長野県
1159,東京都
1160,石川県
1161,千葉県
1162,福島県
1163,大阪府
1164,京都府
1165,茨城県
1166,奈良県
1167,岡山県
1168,島根県
1169,宮崎県
1170,岩手県
1171,高知県
1172,鳥取県
1173,佐賀県
1174,徳島県
1175,東京都
1176,兵庫県
1177,岩手県
1178,大阪府
1179,大阪府
1180,福井県
1181,高知県
1182,群馬県
1183,滋賀県
1184,栃木県
1185,大阪府
1186,福島県
1187,福島県
1188,佐賀県
1189,三重県
1190,東京都
1191,山形県
1192,宮崎県
1193,三重県
1194,大阪府
1195,高知県
1196,愛知県
1197,大分県
1198,三重県
1199,鹿児島県
1200,広島県
1201,茨城県
1202,秋田県
1203,石川県
1204,長崎県
1205,高知県
1206,大阪府
1207,神奈川県
1208,愛媛県
1209,三重県
1210,奈良県
1211,京都府
1212,香川県
1213,京都府
1214,山梨県
1215,宮崎県
1216,神奈川県
1217,山梨県
1218,岡山県
1219,北海道
1220,群馬県
1221,山梨県
1222,京都府
1223,宮城県
1224,熊本県
1225,三重県
1226,愛知県
1227,愛媛県
1228,鹿児島県
1229,茨城県
1230,青森県
1231,山形県
1232,千葉県
1233,福岡県
1234,三重県
1235,岩手県
1236,大分県
1237,佐賀県
1238,長崎県
1239,和歌山県
1240,茨城県
1241,群馬県
1242,大阪府
1243,岐阜県
1244,東京都
1245,兵庫県
1246,福島県
1247,大阪府
1248,福井県
1249,福井県
1250,福井県
1251,長崎県
1252,福井県
1253,東京都
1254,静岡県
1255,富山県
1256,岡山県
1257,神奈川県
1258,宮崎県
1259,長崎県
1260,東京都
1261,静岡県
1262,長野県
1263,栃木県
1264,神奈川県
1265,山梨県
1266,大阪府
1267,北海道
1268,群馬県
1269,佐賀県
1270,広島県
1271,秋田県
1272,山梨県
1273,愛知県
1274,岐阜県
1275,高知県
1276,宮崎県
1277,宮崎県
1278,三重県
1279,栃木県
1280,長崎県
1281,大分県
1282,和歌山県
1283,鳥取県
1284,栃木県
1285,鹿児島県
1286,神奈川県
1287,愛媛県
1288,福島県
1289,福島県
1290,山口県
1291,新潟県
1292,徳島県
1293,岩手県
1294,岩手県
1295,大阪府
1296,神奈川県
1297,秋田県
1298,神奈川県
1299,宮崎県
1300,大分県
1301,埼玉県
1302,高知県
1303,兵庫県
1304,香川県
1305,岡山県
1306,三重県
1307,京都府
1308,青森県
1309,大阪府
1310,岐阜県
1311,和歌山県
1312,三重県
1313,山梨県
1314,香川県
1315,京都府
1316,兵庫県
1317,福島県
1318,埼玉県
1319,岡山県
1320,大阪府
1321,鹿児島県
1322,長野県
1323,岐阜県
1324,広島県
1325,千葉県
1326,群馬県
1327,東京都
1328,岡山県
1329,鳥取県
1330,長野県
1331,福岡県
1332,大分県
1333,大阪府
1334,山梨県
1335,岩手県
1336,愛媛県
1337,福井県
1338,徳島県
1339,広島県
1340,岐阜県
1341,山口県
1342,大阪府
1343,福井県
1344,宮崎県
1345,岡山県
1346,神奈川県
1347,千葉県
1348,兵庫県
1349,富山県
1350,愛知県
1351,岩手県
1352,大阪府
1353,埼玉県
1354,岩手県
1355,和歌山県
1356,長野県
1357,福島県
1358,宮崎県
1359,神奈川県
1360,神奈川県
1361,鳥取県
1362,福島県
1363,三重県
1364,宮崎県
1365,青森県
1366,奈良県
1367,新潟県
1368,岩手県
1369,京都府
1370,栃木県
1371,宮崎県
1372,秋田県
1373,群馬県
1374,福井県
1375,北海道
1376,長野県
1377,大阪府
1378,熊本県
1379,三重県
1380,奈良県
1381,福島県
1382,宮崎県
1383,愛媛県
1384,三重県
1385,神奈川県
1386,千葉県
1387,栃木県
1388,佐賀県
1389,兵庫県
1390,山梨県
1391,千葉県
1392,広島県
1393,島根県
1394,熊本県
1395,岩手県
1396,富山県
1397,兵庫県
1398,京都府
1399,広島県
1400,東京都
1401,鳥取県
1402,大阪府
1403,茨城県
1404,徳島県
1405,長野県
1406,三重県
1407,京都府
1408,宮城県
1409,高知県
1410,大分県
1411,三重県
1412,神奈川県
1413,東京都
1414,長野県
1415,岐阜県
1416,香川県
1417,三重県
1418,佐賀県
1419,岡山県
1420,山形県
1421,千葉県
1422,京都府
1423,山形県
1424,三重県
1425,宮城県
1426,長崎県
1427,高知県
1428,宮崎県
1429,熊本県
1430,新潟県
1431,岐阜県
1432,福島県
1433,大分県
1434,富山県
1435,大阪府
1436,福島県
1437,愛知県
1438,香川県
1439,静岡県
1440,秋田県
1441,徳島県
1442,栃木県
1443,大阪府
1444,和歌山県
1445,石川県
1446,大阪府
1447,大阪府
1448,沖縄県
1449,高知県
1450,和歌山県
1451,大阪府
1452,大阪府
1453,奈良県
1454,福井県
1455,青森県
1456,山梨県
1457,高知県
1458,滋賀県
1459,沖縄県
1460,京都府
1461,大阪府
1462,栃木県
1463,山口県
1464,山梨県
1465,兵庫県
1466,福島県
1467,東京都
1468,福島県
1469,岩手県
1470,香川県
1471,高知県
1472,北海道
1473,群馬県
1474,茨城県
1475,千葉県
1476,山梨県
1477,兵庫県
1478,埼玉県
1479,滋賀県
1480,長崎県
1481,佐賀県
1482,栃木県
1483,香川県
1484,青森県
1485,愛媛県
1486,鳥取県
1487,宮崎県
1488,群馬県
1489,奈良県
1490,山口県
1491,和歌山県
1492,大阪府
1493,福井県
1494,群馬県
1495,愛知県
1496,鹿児島県
1497,宮崎県
1498,福井県
1499,徳島県
1500,沖縄県
1501,鹿児島県
1502,石川県
1503,東京都
1504,青森県
1505,京都府
1506,島根県
1507,香川県
1508,島根県
1509,香川県
1510,岩手県
1511,東京都
1512,高知県
1513,福岡県
1514,山口県
1515,和歌山県
1516,千葉県
1517,青森県
1518,秋田県
1519,栃木県
1520,群馬県
1521,宮崎県
1522,奈良県
1523,三重県
1524,熊本県
1525,広島県
1526,徳島県
1527,長野県
1528,兵庫県
1529,大分県
1530,東京都
1531,大阪府
1532,福井県
1533,新潟県
1534,愛知県
1535,埼玉県
1536,埼玉県
1537,大分県
1538,京都府
1539,宮崎県
1540,鳥取県
1541,茨城県
1542,福井県
1543,北海道
1544,香川県
1545,大阪府
1546,石川県
1547,三重県
1548,奈良県
1549,山梨県
1550,沖縄県
1551,山梨県
1552,青森県
1553,香川県
1554,岡山県
1555,東京都
1556,滋賀県
1557,和歌山県
1558,栃木県
1559,広島県
1560,山梨県
1561,富山県
1562,滋賀県
1563,群馬県
1564,青森県
1565,高知県
1566,広島県
1567,沖縄県
1568,徳島県
1569,香川県
1570,北海道
1571,福井県
1572,新潟県
1573,長野県
1574,富山県
1575,和歌山県
1576,秋田県
1577,岐阜県
1578,鹿児島県
1579,岐阜県
1580,和歌山県
1581,神奈川県
1582,滋賀県
1583,京都府
1584,山口県
1585,徳島県
1586,大分県
1587,愛媛県
1588,岐阜県
1589,宮崎県
1590,京都府
1591,新潟県
1592,香川県
1593,三重県
1594,秋田県
1595,青森県
1596,島根県
1597,和歌山県
1598,岐阜県
1599,富山県
1600,長崎県
1601,鳥取県
1602,滋賀県
1603,佐賀県
1604,埼玉県
1605,神奈川県
1606,富山県
1607,岩手県
1608,山形県
1609,滋賀県
1610,千葉県
1611,滋賀県
1612,東京都
1613,青森県
1614,岐阜県
1615,長野県
1616,宮城県
1617,栃木県
1618,山形県
1619,岐阜県
1620,山口県
1621,鳥取県
1622,徳島県
1623,岐阜県
1624,神奈川県
1625,富山県
1626,徳島県
1627,和歌山県
1628,鹿児島県
1629,山口県
1630,京都府
1631,岡山県
1632,東京都
1633,徳島県
1634,愛知県
1635,静岡県
1636,山形県
1637,愛知県
1638,静岡県
1639,徳島県
1640,新潟県
1641,大阪府
1642,新潟県
1643,京都府
1644,群馬県
1645,福島県
1646,埼玉県
1647,兵庫県
1648,佐賀県
1649,栃木県
1650,宮城県
1651,山形県
1652,東京都
1653,島根県
1654,大阪府
1655,京都府
1656,福島県
1657,大阪府
1658,高知県
1659,新潟県
1660,山口県
1661,神奈川県
1662,香川県
1663,富山県
1664,奈良県
1665,岩手県
1666,愛知県
1667,神奈川県
1668,埼玉県
1669,神奈川県
1670,広島県
1671,愛知県
1672,熊本県
1673,宮城県
1674,兵庫県
1675,宮城県
1676,栃木県
1677,石川県
1678,大阪府
1679,茨城県
1680,静岡県
1681,千葉県
1682,宮城県
1683,茨城県
1684,長野県
1685,沖縄県
1686,群馬県
1687,大阪府
1688,北海道
1689,京都府
1690,三重県
1691,山口県
1692,徳島県
1693,京都府
1694,福井県
1695,富山県
1696,佐賀県
1697,埼玉県
1698,大阪府
1699,鳥取県
1700,東京都
1701,香川県
1702,佐賀県
1703,奈良県
1704,東京都
1705,宮崎県
1706,福井県
1707,新潟県
1708,京都府
1709,高知県
1710,岩手県
1711,宮城県
1712,兵庫県
1713,大阪府
1714,兵庫県
1715,兵庫県
1716,千葉県
1717,福島県
1718,岩手県
1719,愛知県
1720,大阪府
1721,大阪府
1722,群馬県
1723,沖縄県
1724,愛知県
1725,大阪府
1726,山口県
1727,香川県
1728,大阪府
1729,大阪府
1730,東京都
1731,大阪府
1732,秋田県
1733,山梨県
1734,佐賀県
1735,広島県
1736,宮崎県
1737,沖縄県
1738,富山県
1739,京都府
1740,徳島県
1741,山口県
1742,三重県
1743,福井県
1744,熊本県
1745,島根県
1746,岩手県
1747,宮城県
1748,長崎県
1749,愛知県
1750,静岡県
1751,福島県
1752,奈良県
1753,富山県
1754,福岡県
1755,岩手県
1756,三重県
1757,徳島県
1758,愛知県
1759,沖縄県
1760,石川県
1761,鳥取県
1762,兵庫県
1763,栃木県
1764,東京都
1765,山梨県
1766,青森県
1767,北海道
1768,山形県
1769,新潟県
1770,長野県
1771,神奈川県
1772,埼玉県
1773,高知県
1774,宮城県
1775,福島県
1776,福井県
1777,福島県
1778,大分県
1779,徳島県
1780,千葉県
1781,大阪府
1782,山口県
1783,神奈川県
1784,北海道
1785,鳥取県
1786,山梨県
1787,福島県
1788,京都府
1789,奈良県
1790,東京都
1791,大阪府
1792,大阪府
1793,沖縄県
1794,福岡県
1795,北海道
1796,徳島県
1797,大阪府
1798,新潟県
1799,山形県
1800,茨城県
1801,熊本県
1802,岩手県
1803,栃木県
1804,奈良県
1805,兵庫県
1806,熊本県
1807,宮崎県
1808,徳島県
1809,岩手県
1810,千葉県
1811,東京都
1812,青森県
1813,埼玉県
1814,大阪府
1815,青森県
1816,兵庫県
1817,長崎県
1818,群馬県
1819,静岡県
1820,兵庫県
1821,栃木県
1822,高知県
1823,三重県
1824,岐阜県
1825,愛知県
1826,福岡県
1827,佐賀県
1828,埼玉県
1829,岡山県
1830,山形県
1831,神奈川県
1832,北海道
1833,大阪府
1834,茨城県
1835,岐阜県
1836,鹿児島県
1837,埼玉県
1838,茨城県
1839,埼玉県
1840,愛媛県
1841,石川県
1842,秋田県
1843,群馬県
1844,兵庫県
1845,神奈川県
1846,山形県
1847,兵庫県
1848,東京都
1849,富山県
1850,佐賀県
1851,東京都
1852,島根県
1853,神奈川県
1854,大阪府
1855,福井県
1856,秋田県
1857,宮城県
1858,鹿児島県
1859,山口県
1860,京都府
1861,愛知県
1862,大分県
1863,滋賀県
1864,東京都
1865,神奈川県
1866,徳島県
1867,神奈川県
1868,佐賀県
1869,鹿児島県
1870,宮崎県
1871,石川県
1872,大分県
1873,茨城県
1874,高知県
1875,北海道
1876,東京都
1877,徳島県
1878,新潟県
1879,東京都
1880,北海道
1881,奈良県
1882,徳島県
1883,三重県
1884,大分県
1885,大阪府
1886,三重県
1887,山口県
1888,群馬県
1889,岩手県
1890,鹿児島県
1891,兵庫県
1892,富山県
1893,秋田県
1894,宮崎県
1895,富山県
1896,福島県
1897,静岡県
1898,熊本県
1899,徳島県
1900,広島県
1901,島根県
1902,大阪府
1903,山梨県
1904,京都府
1905,京都府
1906,群馬県
1907,福井県
1908,茨城県
1909,大阪府
1910,神奈川県
1911,高知県
1912,長崎県
1913,京都府
1914,大阪府
1915,徳島県
1916,富山県
1917,沖縄県
1918,千葉県
1919,佐賀県
1920,愛媛県
1921,大阪府
1922,山梨県
1923,奈良県
1924,群馬県
1925,栃木県
1926,大阪府
1927,岡山県
1928,青森県
1929,大阪府
1930,静岡県
1931,大阪府
1932,大分県
1933,高知県
1934,山梨県
1935,千葉県
1936,秋田県
1937,宮城県
1938,島根県
1939,山形県
1940,神奈川県
1941,栃木県
1942,大阪府
1943,山形県
1944,愛知県
1945,大阪府
1946,新潟県
1947,山梨県
1948,愛知県
1949,埼玉県
1950,徳島県
1951,滋賀県
1952,石川県
1953,鹿児島県
1954,福井県
1955,宮崎県
1956,石川県
1957,奈良県
1958,島根県
1959,岩手県
1960,愛媛県
1961,大阪府
1962,岡山県
1963,東京都
1964,東京都
1965,沖縄県
1966,広島県
1967,大阪府
1968,青森県
1969,東京都
1970,佐賀県
1971,兵庫県
1972,高知県
1973,山梨県
1974,栃木県
1975,大阪府
1976,大阪府
1977,鳥取県
1978,島根県
1979,福岡県
1980,青森県
1981,島根県
1982,富山県
1983,高知県
1984,大阪府
1985,徳島県
1986,静岡県
1987,鹿児島県
1988,愛知県
1989,沖縄県
1990,神奈川県
1991,京都府
1992,鹿児島県
1993,島根県
1994,宮崎県
1995,新潟県
1996,島根県
1997,京都府
1998,山形県
1999,大阪府
2000,兵庫県
2001,神奈川県
2002,千葉県
2003,秋田県
2004,群馬県
2005,山形県
2006,長野県
2007,大阪府
2008,高知県
2009,和歌山県
2010,新潟県
2011,群馬県
2012,和歌山県
2013,神奈川県
2014,広島県
2015,東京都
2016,兵庫県
2017,佐賀県
2018,岩手県
2019,群馬県
2020,香川県
2021,神奈川県
2022,岡山県
2023,群馬県
2024,埼玉県
2025,三重県
2026,新潟県
2027,鹿児島県
2028,山梨県
2029,愛知県
2030,大阪府
2031,京都府
2032,東京都
2033,茨城県
2034,兵庫県
2035,茨城県
2036,青森県
2037,徳島県
2038,愛媛県
2039,愛知県
2040,山口県
2041,茨城県
2042,香川県
2043,茨城県
2044,熊本県
2045,東京都
2046,兵庫県
2047,愛知県
2048,神奈川県
2049,徳島県
2050,秋田県
2051,神奈川県
2052,神奈川県
2053,埼玉県
2054,群馬県
2055,栃木県
2056,奈良県
2057,鹿児島県
2058,奈良県
2059,三重県
2060,茨城県
2061,岐阜県
2062,和歌山県
2063,岐阜県
2064,岐阜県
2065,神奈川県
2066,新潟県
2067,三重県
2068,東京都
2069,宮崎県
2070,長野県
2071,大分県
2072,新潟県
2073,兵庫県
2074,富山県
2075,北海道
2076,東京都
2077,広島県
2078,大阪府
2079,岡山県
2080,茨城県
2081,神奈川県
2082,佐賀県
2083,愛媛県
2084,高知県
2085,京都府
2086,東京都
2087,神奈川県
2088,福井県
2089,茨城県
2090,京都府
2091,宮崎県
2092,大阪府
2093,千葉県
2094,岐阜県
2095,福井県
2096,福岡県
2097,島根県
2098,兵庫県
2099,京都府
2100,高知県
2101,島根県
2102,東京都
2103,宮城県
2104,愛媛県
2105,静岡県
2106,山梨県
2107,長崎県
2108,滋賀県
2109,京都府
2110,茨城県
2111,岩手県
2112,福岡県
2113,新潟県
2114,富山県
2115,栃木県
2116,熊本県
2117,山梨県
2118,京都府
2119,岩手県
2120,山梨県
2121,大阪府
2122,岐阜県
2123,宮城県
2124,大阪府
2125,沖縄県
2126,宮城県
2127,奈良県
2128,奈良県
2129,山形県
2130,岡山県
2131,岩手県
2132,埼玉県
2133,高知県
2134,熊本県
2135,東京都
2136,広島県
2137,新潟県
2138,静岡県
2139,宮城県
2140,埼玉県
2141,千葉県
2142,岩手県
2143,神奈川県
2144,北海道
2145,東京都
2146,滋賀県
2147,大阪府
2148,和歌山県
2149,岐阜県
2150,鹿児島県
2151,和歌山県
2152,石川県
2153,大阪府
2154,愛知県
2155,長野県
2156,佐賀県
2157,徳島県
2158,富山県
2159,香川県
2160,広島県
2161,和歌山県
2162,兵庫県
2163,宮城県
2164,奈良県
2165,山形県
2166,宮崎県
2167,三重県
2168,宮崎県
2169,奈良県
2170,愛知県
2171,沖縄県
2172,大阪府
2173,高知県
2174,岡山県
2175,山梨県
2176,愛知県
2177,東京都
2178,福井県
2179,岩手県
2180,鳥取県
2181,島根県
2182,静岡県
2183,神奈川県
2184,岩手県
2185,秋田県
2186,栃木県
2187,埼玉県
2188,東京都
2189,広島県
2190,石川県
2191,岐阜県
2192,島根県
2193,大阪府
2194,山口県
2195,群馬県
2196,長野県
2197,宮城県
2198,宮城県
2199,高知県
2200,佐賀県
2201,東京都
2202,山形県
2203,京都府
2204,兵庫県
2205,沖縄県
2206,鹿児島県
2207,福井県
2208,神奈川県
2209,京都府
2210,青森県
2211,長野県
2212,大阪府
2213,大阪府
2214,埼玉県
2215,鳥取県
2216,埼玉県
2217,東京都
2218,長崎県
2219,和歌山県
2220,京都府
2221,群馬県
2222,京都府
2223,大分県
2224,大阪府
2225,石川県
2226,新潟県
2227,青森県
2228,鹿児島県
2229,北海道
2230,愛媛県
2231,島根県
2232,兵庫県
2233,鳥取県
2234,群馬県
2235,和歌山県
2236,岡山県
2237,山梨県
2238,島根県
2239,石川県
2240,静岡県
2241,青森県
2242,鳥取県
2243,岡山県
2244,岩手県
2245,徳島県
2246,鳥取県
2247,福岡県
2248,鳥取県
2249,神奈川県
2250,神奈川県
2251,石川県
2252,東京都
2253,岐阜県
2254,石川県
2255,岩手県
2256,静岡県
2257,岡山県
2258,鹿児島県
2259,東京都
2260,青森県
2261,東京都
2262,福井県
2263,和歌山県
2264,高知県
2265,徳島県
2266,福井県
2267,青森県
2268,東京都
2269,大阪府
2270,栃木県
2271,大阪府
2272,福井県
2273,山形県
2274,福井県
2275,京都府
2276,高知県
2277,神奈川県
2278,鹿児島県
2279,島根県
2280,大阪府
2281,群馬県
2282,鹿児島県
2283,東京都
2284,東京都
2285,山形県
2286,長崎県
2287,岡山県
2288,京都府
2289,京都府
2290,山形県
2291,石川県
2292,兵庫県
2293,佐賀県
2294,高知県
2295,静岡県
2296,東京都
2297,宮崎県
2298,鳥取県
2299,山形県
2300,栃木県
2301,東京都
2302,北海道
2303,岡山県
2304,佐賀県
2305,栃木県
2306,山梨県
2307,東京都
2308,東京都
2309,徳島県
2310,石川県
2311,奈良県
2312,富山県
2313,鹿児島県
2314,鹿児島県
2315,奈良県
2316,奈良県
2317,奈良県
2318,富山県
2319,愛知県
2320,山口県
2321,岐阜県
2322,兵庫県
2323,愛媛県
2324,東京都
2325,山口県
2326,宮崎県
2327,神奈川県
2328,東京都
2329,岐阜県
2330,徳島県
2331,岡山県
2332,大阪府
2333,福岡県
2334,山梨県
2335,岡山県
2336,山形県
2337,長野県
2338,兵庫県
2339,長崎県
2340,富山県
2341,大阪府
2342,秋田県
2343,鳥取県
2344,福井県
2345,大阪府
2346,滋賀県
2347,東京都
2348,群馬県
2349,島根県
2350,静岡県
2351,山形県
2352,福井県
2353,広島県
2354,滋賀県
2355,大阪府
2356,秋田県
2357,兵庫県
2358,熊本県
2359,愛媛県
2360,山梨県
2361,奈良県
2362,宮城県
2363,埼玉県
2364,佐賀県
2365,山形県
2366,青森県
2367,兵庫県
2368,群馬県
2369,山梨県
2370,新潟県
2371,熊本県
2372,長崎県
2373,富山県
2374,和歌山県
2375,広島県
2376,東京都
2377,鳥取県
2378,石川県
2379,神奈川県
2380,神奈川県
2381,福井県
2382,沖縄県
2383,岡山県
2384,東京都
2385,京都府
2386,北海道
2387,鳥取県
2388,東京都
2389,長崎県
2390,岩手県
2391,大阪府
2392,福岡県
2393,福岡県
2394,兵庫県
2395,新潟県
2396,鳥取県
2397,福岡県
2398,千葉県
2399,奈良県
2400,京都府
2401,埼玉県
2402,宮崎県
2403,栃木県
2404,鳥取県
2405,宮崎県
2406,秋田県
2407,広島県
2408,鹿児島県
2409,岩手県
2410,愛媛県
2411,和歌山県
2412,熊本県
2413,新潟県
2414,茨城県
2415,秋田県
2416,青森県
2417,高知県
2418,愛媛県
2419,滋賀県
2420,千葉県
2421,山梨県
2422,新潟県
2423,青森県
2424,大阪府
2425,岩手県
2426,福岡県
2427,京都府
2428,岩手県
2429,宮崎県
2430,鹿児島県
2431,栃木県
2432,岩手県
2433,神奈川県
2434,大阪府
2435,兵庫県
2436,富山県
2437,福島県
2438,秋田県
2439,大阪府
2440,三重県
2441,愛知県
2442,徳島県
2443,大阪府
2444,長崎県
2445,新潟県
2446,三重県
2447,群馬県
2448,愛知県
2449,愛知県
2450,京都府
2451,静岡県
2452,山形県
2453,山梨県
2454,滋賀県
2455,和歌山県
2456,熊本県
2457,高知県
2458,熊本県
2459,愛媛県
2460,神奈川県
2461,熊本県
2462,岡山県
2463,大阪府
2464,福岡県
2465,栃木県
2466,茨城県
2467,福島県
2468,滋賀県
2469,長崎県
2470,秋田県
2471,東京都
2472,大阪府
2473,新潟県
2474,新潟県
2475,鹿児島県
2476,福井県
2477,和歌山県
2478,茨城県
2479,香川県
2480,神奈川県
2481,徳島県
2482,神奈川県
2483,山形県
2484,山形県
2485,三重県
2486,奈良県
2487,沖縄県
2488,群馬県
2489,石川県
2490,三重県
2491,徳島県
2492,茨城県
2493,沖縄県
2494,三重県
2495,島根県
2496,沖縄県
2497,兵庫県
2498,千葉県
2499,香川県
2500,和歌山県
2501,秋田県
2502,山梨県
2503,京都府
2504,愛知県
2505,埼玉県
2506,神奈川県
2507,新潟県
2508,滋賀県
2509,岡山県
2510,埼玉県
2511,福井県
2512,高知県
2513,栃木県
2514,新潟県
2515,宮崎県
2516,京都府
2517,三重県
2518,富山県
2519,長崎県
2520,宮城県
2521,群馬県
2522,滋賀県
2523,香川県
2524,大分県
2525,長野県
2526,長野県
2527,山梨県
2528,島根県
2529,京都府
2530,和歌山県
2531,岡山県
2532,新潟県
2533,岡山県
2534,大分県
2535,沖縄県
2536,富山県
2537,香川県
2538,徳島県
2539,東京都
2540,北海道
2541,秋田県
2542,愛媛県
2543,大阪府
2544,京都府
2545,埼玉県
2546,高知県
2547,熊本県
2548,長野県
2549,徳島県
2550,福井県
2551,京都府
2552,佐賀県
2553,大阪府
2554,沖縄県
2555,福岡県
2556,青森県
2557,大阪府
2558,兵庫県
2559,鳥取県
2560,千葉県
2561,長野県
2562,北海道
2563,岐阜県
2564,北海道
2565,北海道
2566,大阪府
2567,岡山県
2568,青森県
2569,愛知県
2570,山形県
2571,群馬県
2572,北海道
2573,富山県
2574,宮城県
2575,山口県
2576,岡山県
2577,長崎県
2578,兵庫県
2579,三重県
2580,東京都
2581,東京都
2582,兵庫県
2583,大阪府
2584,兵庫県
2585,鳥取県
2586,愛媛県
2587,福島県
2588,神奈川県
2589,石川県
2590,三重県
2591,福井県
2592,新潟県
2593,埼玉県
2594,兵庫県
2595,京都府
2596,福島県
2597,埼玉県
2598,神奈川県
2599,大阪府
2600,大阪府
2601,奈良県
2602,岡山県
2603,熊本県
2604,山梨県
2605,大阪府
2606,福島県
2607,静岡県
2608,愛知県
2609,広島県
2610,岐阜県
2611,静岡県
2612,岐阜県
2613,岩手県
2614,富山県
2615,新潟県
2616,埼玉県
2617,佐賀県
2618,山口県
2619,愛媛県
2620,東京都
2621,埼玉県
2622,大阪府
2623,高知県
2624,東京都
2625,青森県
2626,大阪府
2627,兵庫県
2628,広島県
2629,栃木県
2630,山形県
2631,広島県
2632,長野県
2633,福岡県
2634,岩手県
2635,福岡県
2636,大分県
2637,鹿児島県
2638,静岡県
2639,長崎県
2640,北海道
2641,福島県
2642,新潟県
2643,山形県
2644,神奈川県
2645,東京都
2646,福井県
2647,大阪府
2648,静岡県
2649,青森県
2650,長崎県
2651,東京都
2652,福井県
2653,兵庫県
2654,沖縄県
2655,愛媛県
2656,鹿児島県
2657,大阪府
2658,東京都
2659,鳥取県
2660,大阪府
2661,大阪府
2662,熊本県
2663,香川県
2664,大分県
2665,滋賀県
2666,佐賀県
2667,長野県
2668,広島県
2669,大阪府
2670,広島県
2671,東京都
2672,香川県
2673,大阪府
2674,宮城県
2675,山梨県
2676,鳥取県
2677,富山県
2678,埼玉県
2679,神奈川県
2680,鳥取県
2681,福島県
2682,鳥取県
2683,愛媛県
2684,山形県
2685,高知県
2686,福岡県
2687,山口県
2688,兵庫県
2689,三重県
2690,宮崎県
2691,高知県
2692,愛媛県
2693,長野県
2694,岐阜県
2695,新潟県
2696,徳島県
2697,香川県
2698,山口県
2699,鹿児島県
2700,広島県
2701,兵庫県
2702,京都府
2703,宮崎県
2704,福井県
2705,三重県
2706,長崎県
2707,京都府
2708,岩手県
2709,広島県
2710,兵庫県
2711,兵庫県
2712,香川県
2713,広島県
2714,宮城県
2715,栃木県
2716,和歌山県
2717,富山県
2718,愛知県
2719,島根県
2720,宮崎県
2721,熊本県
2722,長崎県
2723,和歌山県
2724,富山県
2725,福井県
2726,宮城県
2727,秋田県
2728,秋田県
2729,大阪府
2730,滋賀県
2731,岡山県
2732,香川県
2733,栃木県
2734,広島県
2735,北海道
2736,千葉県
2737,福岡県
2738,兵庫県
2739,静岡県
2740,福井県
2741,富山県
2742,群馬県
2743,東京都
2744,鳥取県
2745,富山県
2746,三重県
2747,福島県
2748,東京都
2749,東京都
2750,茨城県
2751,福島県
2752,島根県
2753,愛媛県
2754,群馬県
2755,神奈川県
2756,東京都
2757,新潟県
2758,大阪府
2759,奈良県
2760,神奈川県
2761,長崎県
2762,高知県
2763,神奈川県
2764,北海道
2765,三重県
2766,大分県
2767,秋田県
2768,兵庫県
2769,東京都
2770,福岡県
2771,愛知県
2772,岐阜県
2773,岐阜県
2774,和歌山県
2775,大阪府
2776,秋田県
2777,京都府
2778,大阪府
2779,広島県
2780,千葉県
2781,山形県
2782,佐賀県
2783,兵庫県
2784,京都府
2785,兵庫県
2786,宮崎県
2787,沖縄県
2788,大阪府
2789,神奈川県
2790,鹿児島県
2791,熊本県
2792,三重県
2793,東京都
2794,福島県
2795,石川県
2796,北海道
2797,福井県
2798,神奈川県
2799,兵庫県
2800,神奈川県
2801,埼玉県
2802,徳島県
2803,高知県
2804,愛媛県
2805,静岡県
2806,東京都
2807,岐阜県
2808,岩手県
2809,山口県
2810,静岡県
2811,高知県
2812,愛知県
2813,三重県
2814,徳島県
2815,大阪府
2816,鳥取県
2817,静岡県
2818,神奈川県
2819,京都府
2820,東京都
2821,東京都
2822,沖縄県
2823,神奈川県
2824,沖縄県
2825,沖縄県
2826,佐賀県
2827,長野県
2828,鹿児島県
2829,北海道
2830,佐賀県
2831,福岡県
2832,大阪府
2833,北海道
2834,沖縄県
2835,岐阜県
2836,大阪府
2837,大阪府
2838,愛媛県
2839,栃木県
2840,兵庫県
2841,佐賀県
2842,埼玉県
2843,群馬県
2844,福岡県
2845,東京都
2846,兵庫県
2847,大阪府
2848,岡山県
2849,高知県
2850,東京都
2851,山口県
2852,和歌山県
2853,徳島県
2854,宮崎県
2855,広島県
2856,高知県
2857,福井県
2858,京都府
2859,兵庫県
2860,愛媛県
2861,群馬県
2862,千葉県
2863,広島県
2864,千葉県
2865,長崎県
2866,愛知県
2867,東京都
2868,京都府
2869,秋田県
2870,愛知県
2871,山口県
2872,山形県
2873,福岡県
2874,兵庫県
2875,栃木県
2876,大阪府
2877,沖縄県
2878,山口県
2879,群馬県
2880,千葉県
2881,栃木県
2882,青森県
2883,愛知県
2884,三重県
2885,静岡県
2886,秋田県
2887,高知県
2888,東京都
2889,宮城県
2890,大阪府
2891,長野県
2892,長崎県
2893,北海道
2894,和歌山県
2895,秋田県
2896,大阪府
2897,京都府
2898,沖縄県
2899,和歌山県
2900,広島県
2901,山梨県
2902,奈良県
2903,長崎県
2904,沖縄県
2905,徳島県
2906,茨城県
2907,岐阜県
2908,福井県
2909,鳥取県
2910,宮崎県
2911,東京都
2912,神奈川県
2913,鹿児島県
2914,岩手県
2915,北海道
2916,山形県
2917,高知県
2918,長野県
2919,沖縄県
2920,佐賀県
2921,福井県
2922,宮城県
2923,島根県
2924,岐阜県
2925,徳島県
2926,埼玉県
2927,岡山県
2928,秋田県
2929,東京都
2930,広島県
2931,石川県
2932,香川県
2933,茨城県
2934,新潟県
2935,島根県
2936,愛知県
2937,茨城県
2938,宮崎県
2939,宮城県
2940,神奈川県
2941,長野県
2942,鳥取県
2943,東京都
2944,長崎県
2945,山梨県
2946,千葉県
2947,和歌山県
2948,富山県
2949,富山県
2950,群馬県
2951,岡山県
2952,奈良県
2953,三重県
2954,京都府
2955,埼玉県
2956,埼玉県
2957,埼玉県
2958,静岡県
2959,佐賀県
2960,千葉県
2961,佐賀県
2962,兵庫県
2963,埼玉県
2964,神奈川県
2965,大阪府
2966,山形県
2967,栃木県
2968,神奈川県
2969,長崎県
2970,秋田県
2971,神奈川県
2972,福岡県
2973,宮崎県
2974,高知県
2975,奈良県
2976,宮城県
2977,埼玉県
2978,栃木県
2979,沖縄県
2980,岩手県
2981,東京都
2982,青森県
2983,愛知県
2984,宮崎県
2985,石川県
2986,高知県
2987,東京都
2988,福島県
2989,福岡県
2990,愛知県
2991,東京都
2992,兵庫県
2993,佐賀県
2994,群馬県
2995,北海道
2996,広島県
2997,東京都
2998,静岡県
2999,岡山県
3000,三重県
3001,愛知県
3002,広島県
3003,香川県
3004,和歌山県
3005,宮城県
3006,石川県
3007,山口県
3008,長崎県
3009,宮城県
3010,愛媛県
3011,兵庫県
3012,奈良県
3013,埼玉県
3014,茨城県
3015,奈良県
3016,東京都
3017,大分県
3018,長崎県
3019,千葉県
3020,群馬県
3021,山梨県
3022,宮崎県
3023,愛知県
3024,長崎県
3025,長崎県
3026,兵庫県
3027,徳島県
3028,千葉県
3029,栃木県
3030,兵庫県
3031,愛媛県
3032,岐阜県
3033,兵庫県
3034,神奈川県
3035,富山県
3036,島根県
3037,青森県
3038,島根県
3039,愛媛県
3040,京都府
3041,長崎県
3042,千葉県
3043,宮城県
3044,高知県
3045,岡山県
3046,福島県
3047,愛知県
3048,岡山県
3049,山口県
3050,大分県
3051,群馬県
3052,茨城県
3053,島根県
3054,愛媛県
3055,静岡県
3056,長崎県
3057,鹿児島県
3058,岩手県
3059,東京都
3060,宮城県
3061,愛媛県
3062,長野県
3063,福島県
3064,神奈川県
3065,石川県
3066,長野県
3067,熊本県
3068,大阪府
3069,京都府
3070,福井県
3071,岩手県
3072,鳥取県
3073,秋田県
3074,長崎県
3075,大阪府
3076,山口県
3077,福島県
3078,北海道
3079,群馬県
3080,福岡県
3081,滋賀県
3082,香川県
3083,長野県
3084,京都府
3085,山口県
3086,大分県
3087,和歌山県
3088,石川県
3089,熊本県
3090,栃木県
3091,鳥取県
3092,広島県
3093,群馬県
3094,栃木県
3095,静岡県
3096,群馬県
3097,石川県
3098,兵庫県
3099,富山県
3100,滋賀県
3101,鹿児島県
3102,奈良県
3103,島根県
3104,長野県
3105,山梨県
3106,大阪府
3107,山口県
3108,香川県
3109,京都府
3110,高知県
3111,京都府
3112,広島県
3113,島根県
3114,鹿児島県
3115,兵庫県
3116,埼玉県
3117,長野県
3118,静岡県
3119,佐賀県
3120,宮城県
3121,青森県
3122,奈良県
3123,神奈川県
3124,岡山県
3125,山梨県
3126,岐阜県
3127,福井県
3128,東京都
3129,秋田県
3130,福岡県
3131,福井県
3132,鹿児島県
3133,大阪府
3134,埼玉県
3135,栃木県
3136,山梨県
3137,福井県
3138,新潟県
3139,京都府
3140,群馬県
3141,島根県
3142,福井県
3143,山梨県
3144,沖縄県
3145,鳥取県
3146,富山県
3147,神奈川県
3148,和歌山県
3149,富山県
3150,愛知県
3151,佐賀県
3152,埼玉県
3153,京都府
3154,静岡県
3155,大阪府
3156,熊本県
3157,宮城県
3158,滋賀県
3159,奈良県
3160,滋賀県
3161,大阪府
3162,岩手県
3163,香川県
3164,三重県
3165,山梨県
3166,新潟県
3167,岩手県
3168,岐阜県
3169,佐賀県
3170,群馬県
3171,長野県
3172,沖縄県
3173,鹿児島県
3174,静岡県
3175,香川県
3176,岩手県
3177,福岡県
3178,長野県
3179,石川県
3180,青森県
3181,香川県
3182,新潟県
3183,岐阜県
3184,沖縄県
3185,栃木県
3186,北海道
3187,山形県
3188,高知県
3189,山形県
3190,神奈川県
3191,福岡県
3192,香川県
3193,山梨県
3194,神奈川県
3195,鳥取県
3196,山梨県
3197,山形県
3198,千葉県
3199,沖縄県
3200,福岡県
3201,福岡県
3202,徳島県
3203,千葉県
3204,滋賀県
3205,福井県
3206,長野県
3207,宮崎県
3208,鳥取県
3209,広島県
3210,愛媛県
3211,群馬県
3212,島根県
3213,広島県
3214,香川県
3215,奈良県
3216,福岡県
3217,石川県
3218,大分県
3219,栃木県
3220,熊本県
3221,福岡県
3222,高知県
3223,広島県
3224,福井県
3225,大阪府
3226,千葉県
3227,広島県
3228,埼玉県
3229,大分県
3230,東京都
3231,兵庫県
3232,愛媛県
3233,千葉県
3234,北海道
3235,岐阜県
3236,熊本県
3237,福島県
3238,茨城県
3239,岐阜県
3240,京都府
3241,広島県
3242,石川県
3243,熊本県
3244,愛知県
3245,宮城県
3246,福井県
3247,茨城県
3248,石川県
3249,広島県
3250,新潟県
3251,広島県
3252,静岡県
3253,青森県
3254,長野県
3255,徳島県
3256,和歌山県
3257,青森県
3258,広島県
3259,千葉県
3260,山梨県
3261,兵庫県
3262,青森県
3263,兵庫県
3264,兵庫県
3265,東京都
3266,青森県
3267,福島県
3268,長崎県
3269,山梨県
3270,長崎県
3271,滋賀県
3272,大阪府
3273,兵庫県
3274,岡山県
3275,鳥取県
3276,佐賀県
3277,長崎県
3278,奈良県
3279,長野県
3280,大分県
3281,広島県
3282,岩手県
3283,岡山県
3284,福岡県
3285,和歌山県
3286,山口県
3287,広島県
3288,山梨県
3289,和歌山県
3290,岩手県
3291,宮城県
3292,宮崎県
3293,神奈川県
3294,秋田県
3295,神奈川県
3296,大阪府
3297,福井県
3298,鹿児島県
3299,福島県
3300,静岡県
3301,熊本県
3302,鳥取県
3303,兵庫県
3304,和歌山県
3305,福井県
3306,福井県
3307,神奈川県
3308,埼玉県
3309,新潟県
3310,愛知県
3311,富山県
3312,奈良県
3313,宮城県
3314,北海道
3315,北海道
3316,東京都
3317,山口県
3318,神奈川県
3319,長崎県
3320,静岡県
3321,福島県
3322,広島県
3323,京都府
3324,高知県
3325,長野県
3326,千葉県
3327,高知県
3328,京都府
3329,鳥取県
3330,大阪府
3331,青森県
3332,千葉県
3333,群馬県
3334,兵庫県
3335,京都府
3336,長崎県
3337,大阪府
3338,和歌山県
3339,長野県
3340,兵庫県
3341,秋田県
3342,静岡県
3343,山口県
3344,福井県
3345,京都府
3346,鹿児島県
3347,佐賀県
3348,山梨県
3349,福井県
3350,鳥取県
3351,京都府
3352,北海道
3353,大分県
3354,埼玉県
3355,香川県
3356,群馬県
3357,岐阜県
3358,鳥取県
3359,秋田県
3360,福井県
3361,兵庫県
3362,山梨県
3363,佐賀県
3364,福岡県
3365,滋賀県
3366,富山県
3367,新潟県
3368,三重県
3369,岩手県
3370,岩手県
3371,高知県
3372,静岡県
3373,山口県
3374,山口県
3375,京都府
3376,大分県
3377,徳島県
3378,京都府
3379,長野県
3380,静岡県
3381,茨城県
3382,大阪府
3383,島根県
3384,東京都
3385,三重県
3386,大阪府
3387,兵庫県
3388,鳥取県
3389,福岡県
3390,長崎県
3391,栃木県
3392,長野県
3393,神奈川県
3394,島根県
3395,岐阜県
3396,広島県
3397,滋賀県
3398,茨城県
3399,奈良県
3400,山口県
3401,香川県
3402,鳥取県
3403,岐阜県
3404,宮城県
3405,京都府
3406,山形県
3407,鹿児島県
3408,山形県
3409,秋田県
3410,茨城県
3411,鹿児島県
3412,埼玉県
3413,宮城県
3414,東京都
3415,東京都
3416,宮城県
3417,大阪府
3418,兵庫県
3419,神奈川県
3420,東京都
3421,滋賀県
3422,埼玉県
3423,兵庫県
3424,茨城県
3425,岩手県
3426,大分県
3427,静岡県
3428,滋賀県
3429,北海道
3430,北海道
3431,長野県
3432,大阪府
3433,大分県
3434,新潟県
3435,大阪府
3436,大分県
3437,山梨県
3438,滋賀県
3439,島根県
3440,福島県
3441,奈良県
3442,京都府
3443,滋賀県
3444,兵庫県
3445,東京都
3446,宮崎県
3447,北海道
3448,宮城県
3449,岡山県
3450,東京都
3451,千葉県
3452,千葉県
3453,奈良県
3454,群馬県
3455,大阪府
3456,京都府
3457,栃木県
3458,京都府
3459,神奈川県
3460,長野県
3461,東京都
3462,大分県
3463,山形県
3464,群馬県
3465,沖縄県
3466,佐賀県
3467,福岡県
3468,大分県
3469,沖縄県
3470,山梨県
3471,高知県
3472,鹿児島県
3473,栃木県
3474,大分県
3475,京都府
3476,青森県
3477,富山県
3478,神奈川県
3479,富山県
3480,群馬県
3481,長崎県
3482,山形県
3483,埼玉県
3484,山形県
3485,京都府
3486,新潟県
3487,新潟県
3488,大阪府
3489,大分県
3490,鳥取県
3491,神奈川県
3492,兵庫県
3493,群馬県
3494,広島県
3495,栃木県
3496,鳥取県
3497,熊本県
3498,広島県
3499,石川県
3500,長崎県
3501,埼玉県
3502,広島県
3503,香川県
3504,東京都
3505,鳥取県
3506,高知県
3507,栃木県
3508,福島県
3509,沖縄県
3510,奈良県
3511,東京都
3512,奈良県
3513,秋田県
3514,栃木県
3515,岡山県
3516,埼玉県
3517,福岡県
3518,大阪府
3519,茨城県
3520,福岡県
3521,鹿児島県
3522,佐賀県
3523,沖縄県
3524,高知県
3525,大分県
3526,和歌山県
3527,岐阜県
3528,栃木県
3529,兵庫県
3530,高知県
3531,長野県
3532,山梨県
3533,石川県
3534,香川県
3535,熊本県
3536,香川県
3537,福岡県
3538,愛媛県
3539,千葉県
3540,島根県
3541,秋田県
3542,埼玉県
3543,宮城県
3544,青森県
3545,静岡県
3546,山梨県
3547,愛媛県
3548,山梨県
3549,三重県
3550,和歌山県
3551,宮城県
3552,広島県
3553,広島県
3554,石川県
3555,山形県
3556,秋田県
3557,和歌山県
3558,岐阜県
3559,佐賀県
3560,滋賀県
3561,島根県
3562,宮城県
3563,石川県
3564,新潟県
3565,和歌山県
3566,沖縄県
3567,岐阜県
3568,長野県
3569,沖縄県
3570,山梨県
3571,東京都
3572,山梨県
3573,広島県
3574,岡山県
3575,広島県
3576,和歌山県
3577,東京都
3578,岐阜県
3579,富山県
3580,香川県
3581,香川県
3582,熊本県
3583,沖縄県
3584,宮崎県
3585,長野県
3586,静岡県
3587,愛媛県
3588,石川県
3589,神奈川県
3590,茨城県
3591,静岡県
3592,愛知県
3593,三重県
3594,北海道
3595,千葉県
3596,愛媛県
3597,島根県
3598,和歌山県
3599,滋賀県
3600,岡山県
3601,鳥取県
3602,高知県
3603,福井県
3604,滋賀県
3605,兵庫県
3606,福井県
3607,大阪府
3608,島根県
3609,東京都
3610,大分県
3611,栃木県
3612,佐賀県
3613,山口県
3614,長崎県
3615,北海道
3616,奈良県
3617,北海道
3618,東京都
3619,長崎県
3620,宮崎県
3621,広島県
3622,奈良県
3623,山形県
3624,兵庫県
3625,京都府
3626,愛知県
3627,佐賀県
3628,高知県
3629,福井県
3630,香川県
3631,熊本県
3632,宮城県
3633,熊本県
3634,佐賀県
3635,大阪府
3636,新潟県
3637,茨城県
3638,兵庫県
3639,群馬県
3640,宮崎県
3641,和歌山県
3642,大分県
3643,青森県
3644,滋賀県
3645,宮崎県
3646,山梨県
3647,滋賀県
3648,徳島県
3649,岐阜県
3650,奈良県
3651,徳島県
3652,兵庫県
3653,長崎県
3654,大阪府
3655,宮城県
3656,神奈川県
3657,奈良県
3658,栃木県
3659,愛知県
3660,和歌山県
3661,静岡県
3662,福井県
3663,長野県
3664,東京都
3665,島根県
3666,和歌山県
3667,石川県
3668,佐賀県
3669,岐阜県
3670,神奈川県
3671,島根県
3672,長野県
3673,東京都
3674,長野県
3675,長崎県
3676,富山県
3677,福島県
3678,大阪府
3679,群馬県
3680,富山県
3681,新潟県
3682,東京都
3683,島根県
3684,和歌山県
3685,千葉県
3686,福島県
3687,宮城県
3688,茨城県
3689,佐賀県
3690,愛知県
3691,宮崎県
3692,福岡県
3693,山口県
3694,岡山県
3695,香川県
3696,兵庫県
3697,滋賀県
3698,三重県
3699,秋田県
3700,北海道
3701,高知県
3702,宮城県
3703,沖縄県
3704,群馬県
3705,鹿児島県
3706,東京都
3707,青森県
3708,千葉県
3709,愛知県
3710,東京都
3711,宮城県
3712,大阪府
3713,大阪府
3714,島根県
3715,東京都
3716,三重県
3717,青森県
3718,岐阜県
3719,香川県
3720,神奈川県
3721,島根県
3722,沖縄県
3723,香川県
3724,岩手県
3725,滋賀県
3726,静岡県
3727,愛知県
3728,熊本県
3729,岩手県
3730,福井県
3731,山形県
3732,茨城県
3733,広島県
3734,滋賀県
3735,滋賀県
3736,埼玉県
3737,埼玉県
3738,大分県
3739,宮城県
3740,宮崎県
3741,熊本県
3742,島根県
3743,高知県
3744,佐賀県
3745,東京都
3746,長野県
3747,徳島県
3748,奈良県
3749,栃木県
3750,奈良県
3751,山梨県
3752,兵庫県
3753,山梨県
3754,福島県
3755,青森県
3756,岩手県
3757,福島県
3758,和歌山県
3759,長野県
3760,岐阜県
3761,長崎県
3762,新潟県
3763,岡山県
3764,北海道
3765,岐阜県
3766,広島県
3767,福島県
3768,三重県
3769,佐賀県
3770,和歌山県
3771,長崎県
3772,青森県
3773,佐賀県
3774,福島県
3775,栃木県
3776,奈良県
3777,佐賀県
3778,茨城県
3779,富山県
3780,静岡県
3781,長野県
3782,広島県
3783,東京都
3784,北海道
3785,沖縄県
3786,北海道
3787,神奈川県
3788,長崎県
3789,長崎県
3790,大分県
3791,秋田県
3792,東京都
3793,静岡県
3794,秋田県
3795,群馬県
3796,大阪府
3797,山梨県
3798,神奈川県
3799,愛媛県
3800,福井県
3801,秋田県
3802,新潟県
3803,和歌山県
3804,山梨県
3805,大阪府
3806,長崎県
3807,鳥取県
3808,奈良県
3809,山梨県
3810,岩手県
3811,愛知県
3812,福井県
3813,栃木県
3814,大阪府
3815,愛知県
3816,福井県
3817,福岡県
3818,岐阜県
3819,高知県
3820,佐賀県
3821,高知県
3822,福島県
3823,愛媛県
3824,福島県
3825,沖縄県
3826,大阪府
3827,兵庫県
3828,広島県
3829,東京都
3830,群馬県
3831,高知県
3832,高知県
3833,静岡県
3834,岩手県
3835,栃木県
3836,富山県
3837,静岡県
3838,沖縄県
3839,東京都
3840,佐賀県
3841,岩手県
3842,三重県
3843,山梨県
3844,千葉県
3845,東京都
3846,静岡県
3847,愛媛県
3848,徳島県
3849,新潟県
3850,長野県
3851,鳥取県
3852,和歌山県
3853,岐阜県
3854,北海道
3855,東京都
3856,青森県
3857,島根県
3858,北海道
3859,三重県
3860,和歌山県
3861,大阪府
3862,北海道
3863,兵庫県
3864,兵庫県
3865,山形県
3866,三重県
3867,東京都
3868,沖縄県
3869,愛媛県
3870,東京都
3871,沖縄県
3872,岐阜県
3873,大阪府
3874,福井県
3875,広島県
3876,青森県
3877,山口県
3878,香川県
3879,広島県
3880,沖縄県
3881,兵庫県
3882,香川県
3883,島根県
3884,茨城県
3885,徳島県
3886,山口県
3887,熊本県
3888,和歌山県
3889,熊本県
3890,静岡県
3891,宮城県
3892,宮崎県
3893,熊本県
3894,福岡県
3895,北海道
3896,兵庫県
3897,福岡県
3898,山口県
3899,広島県
3900,大阪府
3901,山梨県
3902,福井県
3903,大分県
3904,愛媛県
3905,茨城県
3906,東京都
3907,北海道
3908,島根県
3909,福岡県
3910,富山県
3911,愛知県
3912,長野県
3913,大分県
3914,奈良県
3915,京都府
3916,栃木県
3917,兵庫県
3918,神奈川県
3919,長崎県
3920,静岡県
3921,滋賀県
3922,大阪府
3923,東京都
3924,栃木県
3925,岐阜県
3926,大分県
3927,岡山県
3928,長野県
3929,北海道
3930,熊本県
3931,岡山県
3932,大阪府
3933,鹿児島県
3934,埼玉県
3935,福井県
3936,大阪府
3937,大阪府
3938,秋田県
3939,愛知県
3940,大阪府
3941,東京都
3942,鹿児島県
3943,沖縄県
3944,愛媛県
3945,新潟県
3946,高知県
3947,沖縄県
3948,広島県
3949,長崎県
3950,岐阜県
3951,岡山県
3952,秋田県
3953,神奈川県
3954,沖縄県
3955,京都府
3956,熊本県
3957,佐賀県
3958,新潟県
3959,奈良県
3960,石川県
3961,福島県
3962,京都府
3963,宮城県
3964,富山県
3965,秋田県
3966,岡山県
3967,奈良県
3968,広島県
3969,滋賀県
3970,徳島県
3971,宮城県
3972,青森県
3973,東京都
3974,神奈川県
3975,京都府
3976,神奈川県
3977,大阪府
3978,島根県
3979,兵庫県
3980,富山県
3981,静岡県
3982,長崎県
3983,新潟県
3984,山梨県
3985,大分県
3986,大阪府
3987,山形県
3988,広島県
3989,岩手県
3990,香川県
3991,山梨県
3992,沖縄県
3993,静岡県
3994,宮城県
3995,徳島県
3996,山形県
3997,新潟県
3998,山梨県
3999,東京都
4000,京都府
4001,長野県
4002,奈良県
4003,高知県
4004,香川県
4005,福島県
4006,高知県
4007,奈良県
4008,千葉県
4009,新潟県
4010,茨城県
4011,大分県
4012,大分県
4013,栃木県
4014,福島県
4015,岡山県
4016,宮崎県
4017,秋田県
4018,栃木県
4019,青森県
4020,群馬県
4021,京都府
4022,香川県
4023,東京都
4024,和歌山県
4025,岐阜県
4026,山形県
4027,京都府
4028,神奈川県
4029,愛知県
4030,沖縄県
4031,愛知県
4032,山梨県
4033,宮城県
4034,広島県
4035,埼玉県
4036,島根県
4037,宮崎県
4038,宮城県
4039,栃木県
4040,福井県
4041,神奈川県
4042,沖縄県
4043,大阪府
4044,山梨県
4045,愛媛県
4046,福岡県
4047,山口県
4048,大阪府
4049,秋田県
4050,山梨県
4051,秋田県
4052,秋田県
4053,京都府
4054,新潟県
4055,山梨県
4056,大阪府
4057,鹿児島県
4058,福井県
4059,大阪府
4060,埼玉県
4061,静岡県
4062,静岡県
4063,福岡県
4064,滋賀県
4065,高知県
4066,長崎県
4067,岐阜県
4068,奈良県
4069,滋賀県
4070,福島県
4071,奈良県
4072,神奈川県
4073,静岡県
4074,栃木県
4075,岩手県
4076,熊本県
4077,千葉県
4078,佐賀県
4079,北海道
4080,長崎県
4081,秋田県
4082,秋田県
4083,秋田県
4084,秋田県
4085,愛媛県
4086,佐賀県
4087,和歌山県
4088,佐賀県
4089,富山県
4090,青森県
4091,鹿児島県
4092,高知県
4093,鳥取県
4094,長崎県
4095,埼玉県
4096,群馬県
4097,福岡県
4098,埼玉県
4099,富山県
4100,京都府
4101,青森県
4102,岡山県
4103,山口県
4104,東京都
4105,三重県
4106,大阪府
4107,徳島県
4108,群馬県
4109,三重県
4110,岩手県
4111,山口県
4112,大阪府
4113,岡山県
4114,兵庫県
4115,滋賀県
4116,長野県
4117,高知県
4118,栃木県
4119,福島県
4120,大分県
4121,栃木県
4122,大阪府
4123,大阪府
4124,茨城県
4125,三重県
4126,熊本県
4127,東京都
4128,山口県
4129,岡山県
4130,鹿児島県
4131,群馬県
4132,佐賀県
4133,石川県
4134,石川県
4135,大阪府
4136,沖縄県
4137,群馬県
4138,長崎県
4139,大阪府
4140,沖縄県
4141,山口県
4142,石川県
4143,香川県
4144,北海道
4145,新潟県
4146,群馬県
4147,兵庫県
4148,奈良県
4149,静岡県
4150,千葉県
4151,大阪府
4152,新潟県
4153,茨城県
4154,島根県
4155,香川県
4156,大阪府
4157,広島県
4158,福島県
4159,東京都
4160,滋賀県
4161,佐賀県
4162,福島県
4163,石川県
4164,熊本県
4165,大分県
4166,茨城県
4167,山形県
4168,東京都
4169,東京都
4170,石川県
4171,宮城県
4172,香川県
4173,東京都
4174,茨城県
4175,鹿児島県
4176,岩手県
4177,山口県
4178,島根県
4179,秋田県
4180,北海道
4181,沖縄県
4182,岐阜県
4183,長野県
4184,神奈川県
4185,埼玉県
4186,沖縄県
4187,長野県
4188,青森県
4189,大阪府
4190,高知県
4191,岩手県
4192,兵庫県
4193,大分県
4194,京都府
4195,福島県
4196,沖縄県
4197,福岡県
4198,東京都
4199,奈良県
4200,埼玉県
4201,埼玉県
4202,京都府
4203,熊本県
4204,山口県
4205,千葉県
4206,山形県
4207,大阪府
4208,神奈川県
4209,群馬県
4210,岩手県
4211,長野県
4212,大阪府
4213,三重県
4214,岡山県
4215,三重県
4216,青森県
4217,千葉県
4218,富山県
4219,兵庫県
4220,岐阜県
4221,福島県
4222,大分県
4223,高知県
4224,山口県
4225,東京都
4226,岩手県
4227,兵庫県
4228,埼玉県
4229,秋田県
4230,埼玉県
4231,愛媛県
4232,埼玉県
4233,宮城県
4234,兵庫県
4235,高知県
4236,東京都
4237,新潟県
4238,滋賀県
4239,京都府
4240,静岡県
4241,高知県
4242,愛媛県
4243,山形県
4244,京都府
4245,埼玉県
4246,北海道
4247,鳥取県
4248,鳥取県
4249,福岡県
4250,青森県
4251,茨城県
4252,京都府
4253,富山県
4254,鳥取県
4255,滋賀県
4256,京都府
4257,香川県
4258,奈良県
4259,石川県
4260,大阪府
4261,富山県
4262,広島県
4263,奈良県
4264,富山県
4265,岡山県
4266,島根県
4267,島根県
4268,長野県
4269,福井県
4270,千葉県
4271,新潟県
4272,佐賀県
4273,茨城県
4274,富山県
4275,岡山県
4276,岐阜県
4277,兵庫県
4278,京都府
4279,兵庫県
4280,徳島県
4281,長野県
4282,宮城県
4283,鹿児島県
4284,北海道
4285,富山県
4286,大阪府
4287,熊本県
4288,大阪府
4289,広島県
4290,大阪府
4291,高知県
4292,兵庫県
4293,栃木県
4294,徳島県
4295,島根県
4296,青森県
4297,高知県
4298,鹿児島県
4299,群馬県
4300,東京都
4301,山形県
4302,福島県
4303,香川県
4304,熊本県
4305,長崎県
4306,青森県
4307,新潟県
4308,福岡県
4309,山口県
4310,大阪府
4311,岡山県
4312,長崎県
4313,岡山県
4314,秋田県
4315,山梨県
4316,滋賀県
4317,北海道
4318,北海道
4319,神奈川県
4320,東京都
4321,長崎県
4322,群馬県
4323,茨城県
4324,富山県
4325,長崎県
4326,静岡県
4327,岩手県
4328,秋田県
4329,群馬県
4330,熊本県
4331,山口県
4332,徳島県
4333,大阪府
4334,滋賀県
4335,富山県
4336,福岡県
4337,長崎県
4338,山口県
4339,山梨県
4340,茨城県
4341,福岡県
4342,奈良県
4343,石川県
4344,徳島県
4345,福島県
4346,滋賀県
4347,東京都
4348,茨城県
4349,大阪府
4350,福岡県
4351,静岡県
4352,青森県
4353,東京都
4354,愛媛県
4355,和歌山県
4356,徳島県
4357,山口県
4358,愛媛県
4359,岐阜県
4360,福島県
4361,滋賀県
4362,島根県
4363,岐阜県
4364,神奈川県
4365,大阪府
4366,千葉県
4367,岡山県
4368,鳥取県
4369,熊本県
4370,福井県
4371,福井県
4372,和歌山県
4373,山口県
4374,栃木県
4375,長野県
4376,東京都
4377,和歌山県
4378,静岡県
4379,新潟県
4380,京都府
4381,大阪府
4382,岡山県
4383,茨城県
4384,佐賀県
4385,栃木県
4386,千葉県
4387,京都府
4388,北海道
4389,鹿児島県
4390,熊本県
4391,三重県
4392,高知県
4393,愛媛県
4394,鳥取県
4395,福井県
4396,香川県
4397,兵庫県
4398,山口県
4399,神奈川県
4400,東京都
4401,和歌山県
4402,高知県
4403,岐阜県
4404,神奈川県
4405,東京都
4406,徳島県
4407,熊本県
4408,茨城県
4409,茨城県
4410,神奈川県
4411,滋賀県
4412,栃木県
4413,京都府
4414,兵庫県
4415,東京都
4416,青森県
4417,長野県
4418,静岡県
4419,愛知県
4420,群馬県
4421,和歌山県
4422,奈良県
4423,和歌山県
4424,東京都
4425,岡山県
4426,東京都
4427,香川県
4428,大分県
4429,大阪府
4430,栃木県
4431,島根県
4432,岡山県
4433,大阪府
4434,静岡県
4435,徳島県
4436,宮城県
4437,沖縄県
4438,愛媛県
4439,京都府
4440,青森県
4441,香川県
4442,千葉県
4443,島根県
4444,岐阜県
4445,岡山県
4446,熊本県
4447,栃木県
4448,愛媛県
4449,岩手県
4450,宮崎県
4451,福岡県
4452,岡山県
4453,島根県
4454,宮城県
4455,大分県
4456,滋賀県
4457,大阪府
4458,茨城県
4459,長崎県
4460,群馬県
4461,埼玉県
4462,愛媛県
4463,大分県
4464,滋賀県
4465,岐阜県
4466,島根県
4467,山口県
4468,静岡県
4469,佐賀県
4470,青森県
4471,広島県
4472,大阪府
4473,神奈川県
4474,群馬県
4475,大分県
4476,大阪府
4477,鳥取県
4478,大分県
4479,山形県
4480,佐賀県
4481,山梨県
4482,兵庫県
4483,長野県
4484,群馬県
4485,山形県
4486,沖縄県
4487,宮城県
4488,福島県
4489,大阪府
4490,秋田県
4491,神奈川県
4492,島根県
4493,岡山県
4494,奈良県
4495,群馬県
4496,広島県
4497,静岡県
4498,富山県
4499,岐阜県
4500,大阪府
4501,岩手県
4502,三重県
4503,福島県
4504,京都府
4505,滋賀県
4506,岡山県
4507,宮城県
4508,滋賀県
4509,高知県
4510,秋田県
4511,大阪府
4512,愛知県
4513,京都府
4514,富山県
4515,愛知県
4516,山口県
4517,群馬県
4518,埼玉県
4519,静岡県
4520,山梨県
4521,北海道
4522,岐阜県
4523,三重県
4524,愛知県
4525,和歌山県
4526,愛知県
4527,栃木県
4528,福島県
4529,青森県
4530,京都府
4531,栃木県
4532,富山県
4533,東京都
4534,石川県
4535,香川県
4536,愛知県
4537,愛知県
4538,東京都
4539,滋賀県
4540,愛知県
4541,長崎県
4542,東京都
4543,和歌山県
4544,福井県
4545,大阪府
4546,和歌山県
4547,兵庫県
4548,広島県
4549,福井県
4550,北海道
4551,和歌山県
4552,佐賀県
4553,鹿児島県
4554,滋賀県
4555,新潟県
4556,広島県
4557,福岡県
4558,富山県
4559,徳島県
4560,埼玉県
4561,沖縄県
4562,群馬県
4563,愛知県
4564,滋賀県
4565,千葉県
4566,和歌山県
4567,福井県
4568,広島県
4569,岡山県
4570,青森県
4571,秋田県
4572,兵庫県
4573,埼玉県
4574,島根県
4575,大阪府
4576,埼玉県
4577,岡山県
4578,秋田県
4579,群馬県
4580,長崎県
4581,山形県
4582,東京都
4583,滋賀県
4584,香川県
4585,岩手県
4586,栃木県
4587,大阪府
4588,京都府
4589,滋賀県
4590,石川県
4591,京都府
4592,和歌山県
4593,兵庫県
4594,大阪府
4595,宮城県
4596,千葉県
4597,茨城県
4598,東京都
4599,兵庫県
4600,熊本県
4601,鳥取県
4602,宮城県
4603,和歌山県
4604,福井県
4605,富山県
4606,京都府
4607,神奈川県
4608,神奈川県
4609,山口県
4610,滋賀県
4611,茨城県
4612,佐賀県
4613,島根県
4614,大阪府
4615,佐賀県
4616,三重県
4617,茨城県
4618,佐賀県
4619,福島県
4620,兵庫県
4621,山形県
4622,青森県
4623,広島県
4624,大阪府
4625,京都府
4626,奈良県
4627,鹿児島県
4628,石川県
4629,新潟県
4630,香川県
4631,熊本県
4632,富山県
4633,佐賀県
4634,東京都
4635,沖縄県
4636,佐賀県
4637,福井県
4638,香川県
4639,神奈川県
4640,北海道
4641,埼玉県
4642,宮城県
4643,北海道
4644,東京都
4645,香川県
4646,徳島県
4647,静岡県
4648,山口県
4649,新潟県
4650,宮崎県
4651,三重県
4652,新潟県
4653,岡山県
4654,東京都
4655,京都府
4656,徳島県
4657,山梨県
4658,福井県
4659,東京都
4660,福島県
4661,和歌山県
4662,兵庫県
4663,宮城県
4664,大分県
4665,滋賀県
4666,兵庫県
4667,茨城県
4668,秋田県
4669,愛知県
4670,青森県
4671,福井県
4672,沖縄県
4673,鳥取県
4674,栃木県
4675,神奈川県
4676,群馬県
4677,大阪府
4678,宮城県
4679,兵庫県
4680,和歌山県
4681,香川県
4682,愛媛県
4683,徳島県
4684,大阪府
4685,京都府
4686,和歌山県
4687,岡山県
4688,佐賀県
4689,神奈川県
4690,鳥取県
4691,山口県
4692,北海道
4693,滋賀県
4694,埼玉県
4695,静岡県
4696,岡山県
4697,大阪府
4698,広島県
4699,静岡県
4700,広島県
4701,新潟県
4702,沖縄県
4703,大阪府
4704,群馬県
4705,東京都
4706,香川県
4707,三重県
4708,大阪府
4709,群馬県
4710,新潟県
4711,山口県
4712,三重県
4713,福岡県
4714,長崎県
4715,宮崎県
4716,高知県
4717,愛知県
4718,山形県
4719,大阪府
4720,京都府
4721,埼玉県
4722,山形県
4723,岩手県
4724,大分県
4725,青森県
4726,群馬県
4727,茨城県
4728,長崎県
4729,福井県
4730,愛媛県
4731,福島県
4732,和歌山県
4733,山梨県
4734,香川県
4735,長崎県
4736,福井県
4737,千葉県
4738,石川県
4739,岐阜県
4740,宮城県
4741,新潟県
4742,大阪府
4743,福島県
4744,山口県
4745,神奈川県
4746,岩手県
4747,栃木県
4748,山口県
4749,鹿児島県
4750,大阪府
4751,佐賀県
4752,山形県
4753,富山県
4754,宮城県
4755,福島県
4756,石川県
4757,山梨県
4758,三重県
4759,香川県
4760,茨城県
4761,奈良県
4762,三重県
4763,千葉県
4764,長野県
4765,石川県
4766,神奈川県
4767,熊本県
4768,神奈川県
4769,鹿児島県
4770,和歌山県
4771,青森県
4772,熊本県
4773,岡山県
4774,岐阜県
4775,鹿児島県
4776,徳島県
4777,北海道
4778,大分県
4779,福島県
4780,福井県
4781,神奈川県
4782,千葉県
4783,長野県
4784,新潟県
4785,福井県
4786,高知県
4787,群馬県
4788,山口県
4789,大阪府
4790,佐賀県
4791,岡山県
4792,富山県
4793,広島県
4794,北海道
4795,岐阜県
4796,徳島県
4797,福島県
4798,京都府
4799,岩手県
4800,佐賀県
4801,大阪府
4802,宮崎県
4803,兵庫県
4804,愛知県
4805,岩手県
4806,愛知県
4807,新潟県
4808,広島県
4809,茨城県
4810,沖縄県
4811,千葉県
4812,佐賀県
4813,長崎県
4814,栃木県
4815,新潟県
4816,青森県
4817,香川県
4818,鳥取県
4819,愛媛県
4820,岩手県
4821,沖縄県
4822,宮崎県
4823,島根県
4824,茨城県
4825,山形県
4826,愛知県
4827,徳島県
4828,鹿児島県
4829,東京都
4830,神奈川県
4831,三重県
4832,愛知県
4833,京都府
4834,鹿児島県
4835,宮崎県
4836,山形県
4837,香川県
4838,福井県
4839,高知県
4840,三重県
4841,福井県
4842,沖縄県
4843,宮崎県
4844,奈良県
4845,沖縄県
4846,青森県
4847,岩手県
4848,兵庫県
4849,山梨県
4850,岐阜県
4851,富山県
4852,鳥取県
4853,岩手県
4854,群馬県
4855,東京都
4856,岡山県
4857,秋田県
4858,山口県
4859,千葉県
4860,東京都
4861,大阪府
4862,福岡県
4863,大阪府
4864,福井県
4865,富山県
4866,大阪府
4867,山梨県
4868,京都府
4869,栃木県
4870,東京都
4871,新潟県
4872,山口県
4873,宮崎県
4874,栃木県
4875,島根県
4876,三重県
4877,茨城県
4878,山梨県
4879,島根県
4880,大阪府
4881,沖縄県
4882,奈良県
4883,青森県
4884,山形県
4885,愛知県
4886,石川県
4887,長野県
4888,東京都
4889,愛媛県
4890,宮崎県
4891,鹿児島県
4892,兵庫県
4893,群馬県
4894,佐賀県
4895,福井県
4896,京都府
4897,埼玉県
4898,秋田県
4899,愛媛県
4900,沖縄県
4901,千葉県
4902,三重県
4903,長崎県
4904,京都府
4905,福島県
4906,群馬県
4907,栃木県
4908,北海道
4909,宮城県
4910,北海道
4911,鹿児島県
4912,岐阜県
4913,宮崎県
4914,岡山県
4915,高知県
4916,秋田県
4917,宮崎県
4918,長崎県
4919,岡山県
4920,兵庫県
4921,東京都
4922,東京都
4923,埼玉県
4924,北海道
4925,滋賀県
4926,秋田県
4927,和歌山県
4928,福島県
4929,岐阜県
4930,福岡県
4931,神奈川県
4932,青森県
4933,徳島県
4934,宮崎県
4935,長野県
4936,愛媛県
4937,大阪府
4938,青森県
4939,栃木県
4940,山口県
4941,大阪府
4942,埼玉県
4943,山梨県
4944,千葉県
4945,青森県
4946,山形県
4947,大分県
4948,埼玉県
4949,長野県
4950,千葉県
4951,鳥取県
4952,宮崎県
4953,福島県
4954,秋田県
4955,静岡県
4956,大阪府
4957,大阪府
4958,群馬県
4959,大阪府
4960,神奈川県
4961,茨城県
4962,兵庫県
4963,大阪府
4964,大阪府
4965,島根県
4966,佐賀県
4967,石川県
4968,福岡県
4969,愛知県
4970,茨城県
4971,長崎県
4972,宮城県
4973,長野県
4974,愛媛県
4975,鳥取県
4976,佐賀県
4977,高知県
4978,宮崎県
4979,高知県
4980,広島県
4981,愛媛県
4982,静岡県
4983,兵庫県
4984,長崎県
4985,鹿児島県
4986,京都府
4987,東京都
4988,静岡県
4989,山口県
4990,長野県
4991,埼玉県
4992,奈良県
4993,岩手県
4994,香川県
4995,熊本県
4996,福岡県
4997,大分県
4998,東京都
4999,岐阜県
5000,佐賀県
5001,長崎県
5002,秋田県
5003,栃木県
5004,奈良県
5005,大阪府
5006,大阪府
5007,広島県
5008,滋賀県
5009,福島県
5010,青森県
5011,栃木県
5012,東京都
5013,京都府
5014,山形県
5015,千葉県
5016,静岡県
5017,栃木県
5018,兵庫県
5019,滋賀県
5020,福岡県
5021,岩手県
5022,長崎県
5023,沖縄県
5024,秋田県
5025,福岡県
5026,埼玉県
5027,石川県
5028,福井県
5029,滋賀県
5030,栃木県
5031,茨城県
5032,京都府
5033,大阪府
5034,愛知県
5035,鳥取県
5036,山梨県
5037,岩手県
5038,徳島県
5039,北海道
5040,石川県
5041,島根県
5042,奈良県
5043,新潟県
5044,兵庫県
5045,静岡県
5046,滋賀県
5047,徳島県
5048,北海道
5049,石川県
5050,岡山県
5051,徳島県
5052,秋田県
5053,埼玉県
5054,沖縄県
5055,千葉県
5056,秋田県
5057,東京都
5058,福島県
5059,新潟県
5060,山梨県
5061,宮崎県
5062,沖縄県
5063,静岡県
5064,長崎県
5065,山形県
5066,京都府
5067,長野県
5068,新潟県
5069,大分県
5070,富山県
5071,福岡県
5072,京都府
5073,大阪府
5074,奈良県
5075,群馬県
5076,宮崎県
5077,岡山県
5078,鳥取県
5079,滋賀県
5080,広島県
5081,徳島県
5082,群馬県
5083,広島県
5084,秋田県
5085,岩手県
5086,福島県
5087,富山県
5088,京都府
5089,佐賀県
5090,鹿児島県
5091,熊本県
5092,福島県
5093,徳島県
5094,沖縄県
5095,和歌山県
5096,三重県
5097,沖縄県
5098,群馬県
5099,千葉県
5100,東京都
5101,佐賀県
5102,石川県
5103,熊本県
5104,富山県
5105,島根県
5106,福井県
5107,愛知県
5108,山梨県
5109,長野県
5110,徳島県
5111,埼玉県
5112,島根県
5113,大分県
5114,山梨県
5115,愛知県
5116,奈良県
5117,鹿児島県
5118,滋賀県
5119,香川県
5120,神奈川県
5121,大阪府
5122,大阪府
5123,三重県
5124,山口県
5125,滋賀県
5126,滋賀県
5127,千葉県
5128,和歌山県
5129,埼玉県
5130,山形県
5131,富山県
5132,沖縄県
5133,石川県
5134,山口県
5135,高知県
5136,栃木県
5137,千葉県
5138,愛知県
5139,群馬県
5140,三重県
5141,大阪府
5142,和歌山県
5143,三重県
5144,兵庫県
5145,千葉県
5146,岡山県
5147,青森県
5148,群馬県
5149,広島県
5150,岡山県
5151,高知県
5152,青森県
5153,大分県
5154,北海道
5155,茨城県
5156,秋田県
5157,神奈川県
5158,三重県
5159,徳島県
5160,沖縄県
5161,大阪府
5162,山口県
5163,千葉県
5164,大分県
5165,長野県
5166,大分県
5167,大阪府
5168,青森県
5169,大阪府
5170,広島県
5171,北海道
5172,大分県
5173,長崎県
5174,熊本県
5175,長野県
5176,岡山県
5177,山口県
5178,神奈川県
5179,青森県
5180,山形県
5181,秋田県
5182,宮崎県
5183,宮城県
5184,東京都
5185,神奈川県
5186,岐阜県
5187,秋田県
5188,大分県
5189,長野県
5190,佐賀県
5191,兵庫県
5192,山形県
5193,千葉県
5194,石川県
5195,大阪府
5196,静岡県
5197,岩手県
5198,愛知県
5199,秋田県
5200,山口県
5201,大阪府
5202,香川県
5203,愛媛県
5204,愛知県
5205,新潟県
5206,神奈川県
5207,北海道
5208,和歌山県
5209,石川県
5210,長崎県
5211,鳥取県
5212,和歌山県
5213,千葉県
5214,三重県
5215,長崎県
5216,大阪府
5217,北海道
5218,山口県
5219,京都府
5220,大阪府
5221,群馬県
5222,鳥取県
5223,山口県
5224,埼玉県
5225,京都府
5226,福井県
5227,山形県
5228,福島県
5229,京都府
5230,奈良県
5231,徳島県
5232,和歌山県
5233,宮城県
5234,長崎県
5235,青森県
5236,東京都
5237,富山県
5238,京都府
5239,千葉県
5240,滋賀県
5241,長崎県
5242,北海道
5243,山口県
5244,岩手県
5245,兵庫県
5246,岐阜県
5247,京都府
5248,奈良県
5249,栃木県
5250,茨城県
5251,京都府
5252,東京都
5253,島根県
5254,鳥取県
5255,千葉県
5256,埼玉県
5257,埼玉県
5258,大阪府
5259,佐賀県
5260,福島県
5261,山形県
5262,山形県
5263,長崎県
5264,北海道
5265,静岡県
5266,群馬県
5267,新潟県
5268,群馬県
5269,広島県
5270,岐阜県
5271,福岡県
5272,神奈川県
5273,青森県
5274,大阪府
5275,山口県
5276,岡山県
5277,鹿児島県
5278,青森県
5279,東京都
5280,長崎県
5281,宮崎県
5282,愛知県
5283,石川県
5284,長崎県
5285,秋田県
5286,香川県
5287,青森県
5288,兵庫県
5289,兵庫県
5290,東京都
5291,和歌山県
5292,山梨県
5293,長野県
5294,岐阜県
5295,鳥取県
5296,東京都
5297,愛知県
5298,兵庫県
5299,山口県
5300,島根県
5301,埼玉県
5302,福岡県
5303,鹿児島県
5304,大分県
5305,岡山県
5306,石川県
5307,石川県
5308,三重県
5309,富山県
5310,大分県
5311,兵庫県
5312,山口県
5313,大阪府
5314,愛知県
5315,岩手県
5316,茨城県
5317,群馬県
5318,群馬県
5319,鹿児島県
5320,北海道
5321,愛知県
5322,山梨県
5323,神奈川県
5324,岐阜県
5325,富山県
5326,兵庫県
5327,山梨県
5328,大阪府
5329,宮崎県
5330,埼玉県
5331,島根県
5332,神奈川県
5333,青森県
5334,兵庫県
5335,岐阜県
5336,広島県
5337,山梨県
5338,岩手県
5339,静岡県
5340,島根県
5341,東京都
5342,愛媛県
5343,秋田県
5344,神奈川県
5345,宮崎県
5346,熊本県
5347,山口県
5348,山口県
5349,鹿児島県
5350,広島県
5351,埼玉県
5352,徳島県
5353,奈良県
5354,栃木県
5355,大阪府
5356,山梨県
5357,大阪府
5358,宮崎県
5359,千葉県
5360,神奈川県
5361,山梨県
5362,兵庫県
5363,京都府
5364,島根県
5365,北海道
5366,愛媛県
5367,徳島県
5368,山梨県
5369,山梨県
5370,神奈川県
5371,石川県
5372,島根県
5373,大阪府
5374,奈良県
5375,香川県
5376,群馬県
5377,愛知県
5378,愛媛県
5379,山口県
5380,福岡県
5381,島根県
5382,大分県
5383,群馬県
5384,愛知県
5385,兵庫県
5386,山口県
5387,群馬県
5388,山形県
5389,秋田県
5390,東京都
5391,広島県
5392,東京都
5393,高知県
5394,東京都
5395,京都府
5396,愛知県
5397,奈良県
5398,福井県
5399,福岡県
5400,秋田県
5401,青森県
5402,徳島県
5403,大分県
5404,熊本県
5405,青森県
5406,福岡県
5407,香川県
5408,山形県
5409,京都府
5410,山口県
5411,山口県
5412,鳥取県
5413,島根県
5414,徳島県
5415,大分県
5416,和歌山県
5417,北海道
5418,青森県
5419,青森県
5420,山梨県
5421,群馬県
5422,香川県
5423,福岡県
5424,沖縄県
5425,熊本県
5426,山形県
5427,秋田県
5428,宮崎県
5429,長崎県
5430,東京都
5431,宮崎県
5432,岡山県
5433,京都府
5434,福井県
5435,滋賀県
5436,鹿児島県
5437,京都府
5438,愛媛県
5439,東京都
5440,岡山県
5441,福島県
5442,大阪府
5443,香川県
5444,大分県
5445,三重県
5446,広島県
5447,香川県
5448,埼玉県
5449,三重県
5450,福井県
5451,長崎県
5452,兵庫県
5453,山口県
5454,鹿児島県
5455,佐賀県
5456,佐賀県
5457,長崎県
5458,大阪府
5459,大阪府
5460,熊本県
5461,京都府
5462,福島県
5463,東京都
5464,三重県
5465,北海道
5466,熊本県
5467,青森県
5468,兵庫県
5469,青森県
5470,京都府
5471,長野県
5472,新潟県
5473,徳島県
5474,富山県
5475,東京都
5476,埼玉県
5477,福岡県
5478,千葉県
5479,新潟県
5480,大分県
5481,福島県
5482,高知県
5483,京都府
5484,広島県
5485,広島県
5486,埼玉県
5487,神奈川県
5488,青森県
5489,宮崎県
5490,大阪府
5491,兵庫県
5492,愛知県
5493,岩手県
5494,奈良県
5495,福岡県
5496,愛知県
5497,山形県
5498,和歌山県
5499,京都府
5500,青森県
5501,長野県
5502,富山県
5503,鳥取県
5504,宮崎県
5505,神奈川県
5506,大分県
5507,宮崎県
5508,鳥取県
5509,富山県
5510,富山県
5511,石川県
5512,福井県
5513,秋田県
5514,山梨県
5515,熊本県
5516,鹿児島県
5517,徳島県
5518,香川県
5519,愛媛県
5520,栃木県
5521,長崎県
5522,大阪府
5523,東京都
5524,長崎県
5525,青森県
5526,秋田県
5527,埼玉県
5528,沖縄県
5529,山形県
5530,山口県
5531,広島県
5532,群馬県
5533,山口県
5534,佐賀県
5535,沖縄県
5536,熊本県
5537,兵庫県
5538,宮崎県
5539,秋田県
5540,石川県
5541,滋賀県
5542,島根県
5543,福井県
5544,長野県
5545,宮城県
5546,愛媛県
5547,愛媛県
5548,愛媛県
5549,和歌山県
5550,静岡県
5551,佐賀県
5552,奈良県
5553,福島県
5554,山形県
5555,神奈川県
5556,佐賀県
5557,宮崎県
5558,徳島県
5559,愛媛県
5560,岩手県
5561,福島県
5562,鹿児島県
5563,愛媛県
5564,大分県
5565,富山県
5566,兵庫県
5567,岡山県
5568,青森県
5569,愛知県
5570,鹿児島県
5571,和歌山県
5572,大阪府
5573,栃木県
5574,広島県
5575,岐阜県
5576,群馬県
5577,大分県
5578,鹿児島県
5579,北海道
5580,岐阜県
5581,栃木県
5582,北海道
5583,宮崎県
5584,長崎県
5585,茨城県
5586,岩手県
5587,神奈川県
5588,滋賀県
5589,滋賀県
5590,三重県
5591,東京都
5592,福岡県
5593,広島県
5594,宮崎県
5595,長崎県
5596,徳島県
5597,山形県
5598,島根県
5599,高知県
5600,大分県
5601,千葉県
5602,神奈川県
5603,山梨県
5604,福井県
5605,鳥取県
5606,三重県
5607,静岡県
5608,大阪府
5609,石川県
5610,福井県
5611,徳島県
5612,栃木県
5613,富山県
5614,岩手県
5615,長崎県
5616,長野県
5617,福井県
5618,青森県
5619,福井県
5620,愛媛県
5621,青森県
5622,岩手県
5623,広島県
5624,島根県
5625,長崎県
5626,鳥取県
5627,北海道
5628,沖縄県
5629,山口県
5630,栃木県
5631,富山県
5632,香川県
5633,滋賀県
5634,福島県
5635,静岡県
5636,長崎県
5637,徳島県
5638,福島県
5639,滋賀県
5640,山形県
5641,東京都
5642,埼玉県
5643,和歌山県
5644,滋賀県
5645,香川県
5646,兵庫県
5647,香川県
5648,佐賀県
5649,沖縄県
5650,神奈川県
5651,東京都
5652,香川県
5653,福岡県
5654,山口県
5655,大阪府
5656,京都府
5657,東京都
5658,沖縄県
5659,徳島県
5660,静岡県
5661,広島県
5662,千葉県
5663,島根県
5664,愛媛県
5665,岡山県
5666,岐阜県
5667,愛知県
5668,広島県
5669,千葉県
5670,大阪府
5671,三重県
5672,大阪府
5673,沖縄県
5674,茨城県
5675,愛知県
5676,香川県
5677,鹿児島県
5678,福岡県
5679,岩手県
5680,鳥取県
5681,秋田県
5682,熊本県
5683,山形県
5684,新潟県
5685,大阪府
5686,大分県
5687,千葉県
5688,茨城県
5689,広島県
5690,福島県
5691,愛媛県
5692,山口県
5693,長崎県
5694,熊本県
5695,三重県
5696,福井県
5697,神奈川県
5698,栃木県
5699,島根県
5700,神奈川県
5701,広島県
5702,石川県
5703,和歌山県
5704,福井県
5705,山口県
5706,高知県
5707,東京都
5708,愛知県
5709,岐阜県
5710,北海道
5711,福岡県
5712,京都府
5713,岩手県
5714,岡山県
5715,東京都
5716,長野県
5717,富山県
5718,兵庫県
5719,大阪府
5720,福岡県
5721,三重県
5722,神奈川県
5723,宮城県
5724,山口県
5725,富山県
5726,秋田県
5727,長野県
5728,徳島県
5729,京都府
5730,山口県
5731,佐賀県
5732,山口県
5733,山梨県
5734,大阪府
5735,京都府
5736,和歌山県
5737,宮崎県
5738,佐賀県
5739,山梨県
5740,高知県
5741,岩手県
5742,鹿児島県
5743,群馬県
5744,岐阜県
5745,兵庫県
5746,長崎県
5747,栃木県
5748,神奈川県
5749,大阪府
5750,福島県
5751,沖縄県
5752,滋賀県
5753,東京都
5754,宮城県
5755,静岡県
5756,香川県
5757,和歌山県
5758,福井県
5759,石川県
5760,埼玉県
5761,静岡県
5762,鳥取県
5763,徳島県
5764,滋賀県
5765,栃木県
5766,三重県
5767,岐阜県
5768,山形県
5769,愛媛県
5770,大阪府
5771,滋賀県
5772,滋賀県
5773,秋田県
5774,和歌山県
5775,東京都
5776,大分県
5777,岐阜県
5778,福島県
5779,静岡県
5780,奈良県
5781,宮城県
5782,東京都
5783,沖縄県
5784,佐賀県
5785,徳島県
5786,北海道
5787,兵庫県
5788,島根県
5789,青森県
5790,新潟県
5791,石川県
5792,埼玉県
5793,和歌山県
5794,徳島県
5795,愛知県
5796,大阪府
5797,大阪府
5798,鳥取県
5799,広島県
5800,福岡県
5801,滋賀県
5802,宮崎県
5803,宮崎県
5804,埼玉県
5805,秋田県
5806,京都府
5807,宮崎県
5808,福島県
5809,滋賀県
5810,山形県
5811,鹿児島県
5812,岩手県
5813,高知県
5814,徳島県
5815,和歌山県
5816,山口県
5817,山形県
5818,滋賀県
5819,長崎県
5820,三重県
5821,山形県
5822,福島県
5823,愛知県
5824,徳島県
5825,奈良県
5826,愛知県
5827,長崎県
5828,富山県
5829,青森県
5830,新潟県
5831,神奈川県
5832,青森県
5833,岩手県
5834,埼玉県
5835,沖縄県
5836,福島県
5837,山梨県
5838,長崎県
5839,兵庫県
5840,和歌山県
5841,栃木県
5842,岡山県
5843,新潟県
5844,香川県
5845,山口県
5846,山形県
5847,栃木県
5848,栃木県
5849,宮崎県
5850,山口県
5851,佐賀県
5852,富山県
5853,広島県
5854,兵庫県
5855,岐阜県
5856,千葉県
5857,新潟県
5858,広島県
5859,長崎県
5860,岐阜県
5861,島根県
5862,島根県
5863,大阪府
5864,山口県
5865,香川県
5866,東京都
5867,愛知県
5868,岩手県
5869,神奈川県
5870,岐阜県
5871,岡山県
5872,鳥取県
5873,宮城県
5874,石川県
5875,石川県
5876,山形県
5877,秋田県
5878,京都府
5879,高知県
5880,香川県
5881,東京都
5882,福島県
5883,山形県
5884,奈良県
5885,大阪府
5886,神奈川県
5887,広島県
5888,秋田県
5889,福島県
5890,富山県
5891,高知県
5892,富山県
5893,熊本県
5894,香川県
5895,埼玉県
5896,山口県
5897,福岡県
5898,兵庫県
5899,長崎県
5900,兵庫県
5901,長崎県
5902,山梨県
5903,沖縄県
5904,宮城県
5905,高知県
5906,福井県
5907,岐阜県
5908,島根県
5909,東京都
5910,和歌山県
5911,佐賀県
5912,栃木県
5913,千葉県
5914,千葉県
5915,広島県
5916,栃木県
5917,兵庫県
5918,沖縄県
5919,山口県
5920,岐阜県
5921,東京都
5922,大阪府
5923,香川県
5924,秋田県
5925,宮崎県
5926,岩手県
5927,鳥取県
5928,神奈川県
5929,島根県
5930,新潟県
5931,埼玉県
5932,東京都
5933,静岡県
5934,滋賀県
5935,愛媛県
5936,愛媛県
5937,京都府
5938,三重県
5939,三重県
5940,大阪府
5941,青森県
5942,岡山県
5943,群馬県
5944,長崎県
5945,岩手県
5946,石川県
5947,愛媛県
5948,千葉県
5949,宮崎県
5950,福島県
5951,滋賀県
5952,愛知県
5953,京都府
5954,京都府
5955,三重県
5956,兵庫県
5957,和歌山県
5958,神奈川県
5959,岩手県
5960,福井県
5961,鹿児島県
5962,静岡県
5963,山形県
5964,大阪府
5965,奈良県
5966,京都府
5967,三重県
5968,大阪府
5969,茨城県
5970,愛媛県
5971,岐阜県
5972,秋田県
5973,高知県
5974,山梨県
5975,高知県
5976,兵庫県
5977,神奈川県
5978,岩手県
5979,長崎県
5980,神奈川県
5981,山形県
5982,京都府
5983,熊本県
5984,熊本県
5985,大阪府
5986,長崎県
5987,徳島県
5988,徳島県
5989,兵庫県
5990,山梨県
5991,鹿児島県
5992,京都府
5993,高知県
5994,岡山県
5995,岐阜県
5996,福島県
5997,鳥取県
5998,福岡県
5999,石川県
6000,北海道
6001,福井県
6002,京都府
6003,福井県
6004,愛媛県
6005,島根県
6006,栃木県
6007,香川県
6008,兵庫県
6009,三重県
6010,岩手県
6011,岐阜県
6012,山形県
6013,栃木県
6014,京都府
6015,栃木県
6016,兵庫県
6017,北海道
6018,富山県
6019,京都府
6020,北海道
6021,高知県
6022,長崎県
6023,三重県
6024,秋田県
6025,愛知県
6026,滋賀県
6027,兵庫県
6028,千葉県
6029,新潟県
6030,長野県
6031,広島県
6032,広島県
6033,島根県
6034,青森県
6035,福島県
6036,京都府
6037,大分県
6038,大阪府
6039,栃木県
6040,奈良県
6041,奈良県
6042,三重県
6043,埼玉県
6044,長野県
6045,愛媛県
6046,大阪府
6047,岩手県
6048,愛媛県
6049,北海道
6050,島根県
6051,北海道
6052,滋賀県
6053,山口県
6054,大阪府
6055,山梨県
6056,和歌山県
6057,高知県
6058,京都府
6059,東京都
6060,静岡県
6061,大阪府
6062,山形県
6063,東京都
6064,栃木県
6065,佐賀県
6066,静岡県
6067,奈良県
6068,長崎県
6069,青森県
6070,新潟県
6071,愛媛県
6072,福井県
6073,福岡県
6074,鳥取県
6075,大阪府
6076,京都府
6077,山形県
6078,大分県
6079,茨城県
6080,新潟県
6081,長崎県
6082,群馬県
6083,青森県
6084,北海道
6085,山梨県
6086,山梨県
6087,三重県
6088,山形県
6089,大阪府
6090,福井県
6091,富山県
6092,岡山県
6093,島根県
6094,石川県
6095,福岡県
6096,香川県
6097,岐阜県
6098,宮城県
6099,奈良県
6100,三重県
6101,岡山県
6102,東京都
6103,大阪府
6104,大分県
6105,秋田県
6106,新潟県
6107,新潟県
6108,福井県
6109,和歌山県
6110,山梨県
6111,宮崎県
6112,愛媛県
6113,愛媛県
6114,栃木県
6115,福岡県
6116,茨城県
6117,島根県
6118,徳島県
6119,青森県
6120,東京都
6121,京都府
6122,香川県
6123,沖縄県
6124,富山県
6125,新潟県
6126,福岡県
6127,青森県
6128,茨城県
6129,徳島県
6130,静岡県
6131,大分県
6132,新潟県
6133,高知県
6134,福井県
6135,埼玉県
6136,和歌山県
6137,埼玉県
6138,徳島県
6139,奈良県
6140,大分県
6141,大阪府
6142,岐阜県
6143,千葉県
6144,大阪府
6145,静岡県
6146,新潟県
6147,岩手県
6148,青森県
6149,岡山県
6150,広島県
6151,山形県
6152,宮城県
6153,京都府
6154,鳥取県
6155,茨城県
6156,熊本県
6157,高知県
6158,香川県
6159,秋田県
6160,東京都
6161,兵庫県
6162,島根県
6163,新潟県
6164,秋田県
6165,山口県
6166,富山県
6167,神奈川県
6168,山口県
6169,宮崎県
6170,兵庫県
6171,沖縄県
6172,宮崎県
6173,福岡県
6174,山梨県
6175,奈良県
6176,富山県
6177,長野県
6178,大分県
6179,東京都
6180,東京都
6181,京都府
6182,福島県
6183,千葉県
6184,長崎県
6185,徳島県
6186,岩手県
6187,岡山県
6188,香川県
6189,宮崎県
6190,群馬県
6191,長崎県
6192,滋賀県
6193,長野県
6194,熊本県
6195,東京都
6196,山口県
6197,島根県
6198,茨城県
6199,静岡県
6200,滋賀県
6201,岐阜県
6202,沖縄県
6203,宮崎県
6204,千葉県
6205,島根県
6206,奈良県
6207,奈良県
6208,兵庫県
6209,愛知県
6210,北海道
6211,滋賀県
6212,新潟県
6213,徳島県
6214,秋田県
6215,秋田県
6216,岡山県
6217,沖縄県
6218,山口県
6219,宮崎県
6220,三重県
6221,福島県
6222,島根県
6223,沖縄県
6224,島根県
6225,岐阜県
6226,大阪府
6227,京都府
6228,島根県
6229,鳥取県
6230,鳥取県
6231,愛媛県
6232,群馬県
6233,和歌山県
6234,東京都
6235,大分県
6236,福岡県
6237,京都府
6238,山梨県
6239,熊本県
6240,静岡県
6241,三重県
6242,熊本県
6243,群馬県
6244,愛媛県
6245,千葉県
6246,愛知県
6247,富山県
6248,島根県
6249,三重県
6250,秋田県
6251,徳島県
6252,埼玉県
6253,徳島県
6254,石川県
6255,東京都
6256,石川県
6257,島根県
6258,千葉県
6259,大分県
6260,兵庫県
6261,大阪府
6262,千葉県
6263,京都府
6264,青森県
6265,静岡県
6266,東京都
6267,島根県
6268,兵庫県
6269,福島県
6270,石川県
6271,石川県
6272,大阪府
6273,鳥取県
6274,滋賀県
6275,群馬県
6276,群馬県
6277,大阪府
6278,神奈川県
6279,福井県
6280,岡山県
6281,山口県
6282,高知県
6283,島根県
6284,山口県
6285,秋田県
6286,宮城県
6287,佐賀県
6288,京都府
6289,三重県
6290,愛媛県
6291,高知県
6292,福井県
6293,福島県
6294,大阪府
6295,沖縄県
6296,福井県
6297,兵庫県
6298,高知県
6299,島根県
6300,京都府
6301,長野県
6302,山形県
6303,静岡県
6304,秋田県
6305,香川県
6306,大阪府
6307,大阪府
6308,広島県
6309,富山県
6310,鳥取県
6311,三重県
6312,青森県
6313,富山県
6314,埼玉県
6315,沖縄県
6316,沖縄県
6317,島根県
6318,山口県
6319,石川県
6320,福島県
6321,北海道
6322,佐賀県
6323,石川県
6324,栃木県
6325,青森県
6326,東京都
6327,徳島県
6328,北海道
6329,秋田県
6330,群馬県
6331,京都府
6332,石川県
6333,秋田県
6334,青森県
6335,北海道
6336,群馬県
6337,岡山県
6338,福井県
6339,宮崎県
6340,静岡県
6341,熊本県
6342,石川県
6343,福井県
6344,福岡県
6345,埼玉県
6346,新潟県
6347,和歌山県
6348,奈良県
6349,高知県
6350,兵庫県
6351,兵庫県
6352,大分県
6353,東京都
6354,石川県
6355,北海道
6356,広島県
6357,京都府
6358,高知県
6359,北海道
6360,熊本県
6361,徳島県
6362,熊本県
6363,鳥取県
6364,高知県
6365,長崎県
6366,北海道
6367,福岡県
6368,青森県
6369,三重県
6370,大阪府
6371,福岡県
6372,栃木県
6373,山梨県
6374,千葉県
6375,栃木県
6376,石川県
6377,京都府
6378,茨城県
6379,福岡県
6380,愛知県
6381,群馬県
6382,茨城県
6383,神奈川県
6384,青森県
6385,富山県
6386,東京都
6387,千葉県
6388,岩手県
6389,福島県
6390,静岡県
6391,青森県
6392,滋賀県
6393,山口県
6394,滋賀県
6395,東京都
6396,新潟県
6397,東京都
6398,佐賀県
6399,石川県
6400,神奈川県
6401,茨城県
6402,福岡県
6403,京都府
6404,奈良県
6405,岐阜県
6406,大阪府
6407,滋賀県
6408,栃木県
6409,北海道
6410,三重県
6411,愛知県
6412,宮崎県
6413,大阪府
6414,徳島県
6415,宮崎県
6416,岩手県
6417,愛知県
6418,青森県
6419,宮崎県
6420,茨城県
6421,京都府
6422,東京都
6423,島根県
6424,高知県
6425,岩手県
6426,京都府
6427,兵庫県
6428,北海道
6429,奈良県
6430,高知県
6431,和歌山県
6432,奈良県
6433,京都府
6434,茨城県
6435,沖縄県
6436,広島県
6437,静岡県
6438,兵庫県
6439,栃木県
6440,栃木県
6441,三重県
6442,徳島県
6443,石川県
6444,栃木県
6445,大分県
6446,岐阜県
6447,徳島県
6448,新潟県
6449,埼玉県
6450,長崎県
6451,大分県
6452,広島県
6453,千葉県
6454,東京都
6455,新潟県
6456,宮崎県
6457,大阪府
6458,佐賀県
6459,沖縄県
6460,福島県
6461,東京都
6462,滋賀県
6463,埼玉県
6464,栃木県
6465,宮崎県
6466,宮崎県
6467,大阪府
6468,愛媛県
6469,岐阜県
6470,兵庫県
6471,山形県
6472,広島県
6473,東京都
6474,大阪府
6475,富山県
6476,島根県
6477,愛知県
6478,福岡県
6479,北海道
6480,三重県
6481,京都府
6482,鹿児島県
6483,群馬県
6484,愛知県
6485,栃木県
6486,青森県
6487,福井県
6488,神奈川県
6489,新潟県
6490,山口県
6491,山梨県
6492,兵庫県
6493,鳥取県
6494,福岡県
6495,高知県
6496,長野県
6497,沖縄県
6498,神奈川県
6499,鹿児島県
6500,山梨県
6501,滋賀県
6502,福井県
6503,京都府
6504,埼玉県
6505,高知県
6506,大阪府
6507,新潟県
6508,千葉県
6509,香川県
6510,宮崎県
6511,徳島県
6512,滋賀県
6513,愛媛県
6514,山梨県
6515,沖縄県
6516,福島県
6517,高知県
6518,山形県
6519,三重県
6520,宮崎県
6521,大阪府
6522,三重県
6523,群馬県
6524,大阪府
6525,山形県
6526,北海道
6527,神奈川県
6528,山形県
6529,京都府
6530,大阪府
6531,鹿児島県
6532,沖縄県
6533,和歌山県
6534,高知県
6535,愛知県
6536,広島県
6537,石川県
6538,新潟県
6539,富山県
6540,香川県
6541,徳島県
6542,福島県
6543,佐賀県
6544,山形県
6545,山梨県
6546,広島県
6547,青森県
6548,青森県
6549,鹿児島県
6550,大分県
6551,愛媛県
6552,岐阜県
6553,鳥取県
6554,静岡県
6555,東京都
6556,滋賀県
6557,新潟県
6558,愛媛県
6559,広島県
6560,大分県
6561,神奈川県
6562,福井県
6563,長崎県
6564,広島県
6565,福井県
6566,愛媛県
6567,埼玉県
6568,大阪府
6569,兵庫県
6570,大分県
6571,石川県
6572,新潟県
6573,石川県
6574,奈良県
6575,千葉県
6576,鳥取県
6577,埼玉県
6578,茨城県
6579,岡山県
6580,岩手県
6581,岡山県
6582,石川県
6583,埼玉県
6584,山口県
6585,福島県
6586,高知県
6587,兵庫県
6588,三重県
6589,茨城県
6590,千葉県
6591,高知県
6592,北海道
6593,大阪府
6594,埼玉県
6595,長野県
6596,佐賀県
6597,岐阜県
6598,静岡県
6599,滋賀県
6600,大阪府
6601,徳島県
6602,奈良県
6603,高知県
6604,福井県
6605,福井県
6606,京都府
6607,和歌山県
6608,石川県
6609,福島県
6610,高知県
6611,新潟県
6612,大阪府
6613,広島県
6614,福島県
6615,広島県
6616,秋田県
6617,静岡県
6618,茨城県
6619,大分県
6620,福島県
6621,富山県
6622,山梨県
6623,和歌山県
6624,埼玉県
6625,滋賀県
6626,宮崎県
6627,奈良県
6628,兵庫県
6629,福島県
6630,佐賀県
6631,佐賀県
6632,熊本県
6633,東京都
6634,青森県
6635,千葉県
6636,三重県
6637,大阪府
6638,神奈川県
6639,愛媛県
6640,山口県
6641,栃木県
6642,大阪府
6643,岐阜県
6644,鳥取県
6645,大阪府
6646,山口県
6647,山梨県
6648,北海道
6649,大阪府
6650,埼玉県
6651,岩手県
6652,神奈川県
6653,埼玉県
6654,大阪府
6655,宮城県
6656,兵庫県
6657,岩手県
6658,神奈川県
6659,大分県
6660,高知県
6661,京都府
6662,富山県
6663,愛知県
6664,岡山県
6665,秋田県
6666,青森県
6667,秋田県
6668,山形県
6669,富山県
6670,奈良県
6671,北海道
6672,福井県
6673,徳島県
6674,栃木県
6675,埼玉県
6676,和歌山県
6677,岡山県
6678,兵庫県
6679,群馬県
6680,宮崎県
6681,佐賀県
6682,徳島県
6683,新潟県
6684,北海道
6685,島根県
6686,山口県
6687,福島県
6688,福岡県
6689,栃木県
6690,新潟県
6691,愛媛県
6692,栃木県
6693,大阪府
6694,千葉県
6695,群馬県
6696,埼玉県
6697,愛知県
6698,山梨県
6699,徳島県
6700,千葉県
6701,埼玉県
6702,愛知県
6703,鹿児島県
6704,福岡県
6705,鹿児島県
6706,徳島県
6707,兵庫県
6708,東京都
6709,東京都
6710,山梨県
6711,栃木県
6712,長崎県
6713,東京都
6714,岐阜県
6715,宮崎県
6716,新潟県
6717,神奈川県
6718,熊本県
6719,鹿児島県
6720,岡山県
6721,山口県
6722,鹿児島県
6723,秋田県
6724,千葉県
6725,神奈川県
6726,岡山県
6727,秋田県
6728,兵庫県
6729,東京都
6730,佐賀県
6731,宮崎県
6732,山口県
6733,青森県
6734,佐賀県
6735,鹿児島県
6736,兵庫県
6737,東京都
6738,宮崎県
6739,神奈川県
6740,愛知県
6741,大阪府
6742,愛知県
6743,京都府
6744,愛知県
6745,大阪府
6746,佐賀県
6747,新潟県
6748,高知県
6749,東京都
6750,兵庫県
6751,北海道
6752,福岡県
6753,和歌山県
6754,山形県
6755,愛知県
6756,秋田県
6757,徳島県
6758,新潟県
6759,兵庫県
6760,島根県
6761,石川県
6762,広島県
6763,岩手県
6764,秋田県
6765,東京都
6766,福岡県
6767,秋田県
6768,山梨県
6769,島根県
6770,兵庫県
6771,茨城県
6772,奈良県
6773,三重県
6774,岩手県
6775,山口県
6776,福岡県
6777,岡山県
6778,大分県
6779,北海道
6780,福島県
6781,宮崎県
6782,福岡県
6783,鳥取県
6784,神奈川県
6785,熊本県
6786,大分県
6787,愛知県
6788,東京都
6789,秋田県
6790,群馬県
6791,埼玉県
6792,神奈川県
6793,宮崎県
6794,高知県
6795,長野県
6796,東京都
6797,鳥取県
6798,福島県
6799,石川県
6800,長崎県
6801,滋賀県
6802,沖縄県
6803,長野県
6804,香川県
6805,長野県
6806,鹿児島県
6807,沖縄県
6808,岩手県
6809,千葉県
6810,高知県
6811,福岡県
6812,秋田県
6813,福岡県
6814,岡山県
6815,神奈川県
6816,兵庫県
6817,滋賀県
6818,滋賀県
6819,広島県
6820,鳥取県
6821,島根県
6822,福岡県
6823,岡山県
6824,京都府
6825,鹿児島県
6826,長野県
6827,栃木県
6828,富山県
6829,鳥取県
6830,青森県
6831,長野県
6832,熊本県
6833,福井県
6834,長崎県
6835,和歌山県
6836,兵庫県
6837,愛知県
6838,福岡県
6839,熊本県
6840,秋田県
6841,和歌山県
6842,長野県
6843,沖縄県
6844,滋賀県
6845,大阪府
6846,高知県
6847,兵庫県
6848,高知県
6849,長崎県
6850,北海道
6851,東京都
6852,埼玉県
6853,大分県
6854,福岡県
6855,宮崎県
6856,福岡県
6857,大阪府
6858,福岡県
6859,徳島県
6860,北海道
6861,長野県
6862,岡山県
6863,愛知県
6864,香川県
6865,埼玉県
6866,兵庫県
6867,長崎県
6868,滋賀県
6869,沖縄県
6870,山梨県
6871,熊本県
6872,京都府
6873,秋田県
6874,鳥取県
6875,石川県
6876,神奈川県
6877,神奈川県
6878,岡山県
6879,福島県
6880,青森県
6881,広島県
6882,山口県
6883,神奈川県
6884,奈良県
6885,大阪府
6886,東京都
6887,高知県
6888,奈良県
6889,徳島県
6890,岐阜県
6891,福井県
6892,山梨県
6893,福岡県
6894,宮城県
6895,東京都
6896,北海道
6897,山梨県
6898,大阪府
6899,群馬県
6900,北海道
6901,鹿児島県
6902,山口県
6903,福島県
6904,京都府
6905,石川県
6906,大阪府
6907,北海道
6908,熊本県
6909,神奈川県
6910,岡山県
6911,京都府
6912,兵庫県
6913,滋賀県
6914,鹿児島県
6915,茨城県
6916,神奈川県
6917,静岡県
6918,岐阜県
6919,京都府
6920,兵庫県
6921,岡山県
6922,大阪府
6923,和歌山県
6924,青森県
6925,山梨県
6926,大分県
6927,宮崎県
6928,高知県
6929,北海道
6930,和歌山県
6931,福島県
6932,山口県
6933,東京都
6934,福井県
6935,長崎県
6936,高知県
6937,新潟県
6938,福井県
6939,愛媛県
6940,大阪府
6941,茨城県
6942,三重県
6943,長崎県
6944,鳥取県
6945,東京都
6946,兵庫県
6947,新潟県
6948,静岡県
6949,千葉県
6950,長野県
6951,茨城県
6952,長崎県
6953,大分県
6954,埼玉県
6955,岐阜県
6956,香川県
6957,東京都
6958,東京都
6959,岩手県
6960,千葉県
6961,熊本県
6962,岐阜県
6963,石川県
6964,広島県
6965,山形県
6966,大分県
6967,新潟県
6968,島根県
6969,富山県
6970,石川県
6971,沖縄県
6972,大阪府
6973,長崎県
6974,福井県
6975,奈良県
6976,香川県
6977,山梨県
6978,宮城県
6979,徳島県
6980,愛知県
6981,愛知県
6982,和歌山県
6983,神奈川県
6984,兵庫県
6985,徳島県
6986,山口県
6987,北海道
6988,山梨県
6989,奈良県
6990,沖縄県
6991,福井県
6992,三重県
6993,茨城県
6994,新潟県
6995,鹿児島県
6996,熊本県
6997,山形県
6998,徳島県
6999,福井県
7000,秋田県
7001,宮崎県
7002,愛媛県
7003,静岡県
7004,奈良県
7005,神奈川県
7006,秋田県
7007,徳島県
7008,茨城県
7009,群馬県
7010,大阪府
7011,宮崎県
7012,佐賀県
7013,青森県
7014,神奈川県
7015,岐阜県
7016,香川県
7017,徳島県
7018,京都府
7019,宮崎県
7020,山口県
7021,宮城県
7022,大阪府
7023,神奈川県
7024,宮城県
7025,千葉県
7026,佐賀県
7027,東京都
7028,宮崎県
7029,長野県
7030,青森県
7031,富山県
7032,神奈川県
7033,静岡県
7034,熊本県
7035,岡山県
7036,佐賀県
7037,新潟県
7038,静岡県
7039,山口県
7040,鹿児島県
7041,香川県
7042,愛知県
7043,兵庫県
7044,山梨県
7045,三重県
7046,島根県
7047,岐阜県
7048,愛媛県
7049,東京都
7050,神奈川県
7051,山梨県
7052,岩手県
7053,愛媛県
7054,広島県
7055,福岡県
7056,長野県
7057,広島県
7058,福岡県
7059,大阪府
7060,東京都
7061,石川県
7062,青森県
7063,京都府
7064,奈良県
7065,高知県
7066,福島県
7067,富山県
7068,茨城県
7069,秋田県
7070,宮城県
7071,栃木県
7072,長崎県
7073,鹿児島県
7074,石川県
7075,栃木県
7076,大阪府
7077,鳥取県
7078,大阪府
7079,大阪府
7080,秋田県
7081,長崎県
7082,和歌山県
7083,北海道
7084,香川県
7085,大阪府
7086,宮城県
7087,石川県
7088,神奈川県
7089,岡山県
7090,大阪府
7091,三重県
7092,滋賀県
7093,静岡県
7094,大阪府
7095,兵庫県
7096,静岡県
7097,神奈川県
7098,北海道
7099,三重県
7100,山口県
7101,岡山県
7102,山口県
7103,岐阜県
7104,京都府
7105,茨城県
7106,山梨県
7107,島根県
7108,富山県
7109,神奈川県
7110,徳島県
7111,埼玉県
7112,石川県
7113,埼玉県
7114,鹿児島県
7115,愛知県
7116,千葉県
7117,岡山県
7118,沖縄県
7119,宮城県
7120,兵庫県
7121,沖縄県
7122,沖縄県
7123,岐阜県
7124,徳島県
7125,兵庫県
7126,福井県
7127,徳島県
7128,和歌山県
7129,福島県
7130,鳥取県
7131,福井県
7132,滋賀県
7133,愛知県
7134,香川県
7135,高知県
7136,岩手県
7137,愛媛県
7138,大分県
7139,長崎県
7140,滋賀県
7141,青森県
7142,京都府
7143,群馬県
7144,奈良県
7145,石川県
7146,岐阜県
7147,島根県
7148,山形県
7149,岐阜県
7150,大分県
7151,栃木県
7152,香川県
7153,兵庫県
7154,香川県
7155,宮崎県
7156,長野県
7157,山形県
7158,兵庫県
7159,神奈川県
7160,北海道
7161,京都府
7162,岐阜県
7163,大阪府
7164,和歌山県
7165,岩手県
7166,茨城県
7167,京都府
7168,宮城県
7169,東京都
7170,大阪府
7171,大阪府
7172,大阪府
7173,福岡県
7174,新潟県
7175,奈良県
7176,岡山県
7177,奈良県
7178,奈良県
7179,愛媛県
7180,愛知県
7181,京都府
7182,静岡県
7183,兵庫県
7184,福岡県
7185,神奈川県
7186,栃木県
7187,大阪府
7188,京都府
7189,鹿児島県
7190,東京都
7191,神奈川県
7192,東京都
7193,福島県
7194,京都府
7195,栃木県
7196,鳥取県
7197,京都府
7198,静岡県
7199,福井県
7200,茨城県
7201,三重県
7202,茨城県
7203,京都府
7204,広島県
7205,愛媛県
7206,沖縄県
7207,千葉県
7208,神奈川県
7209,新潟県
7210,新潟県
7211,奈良県
7212,奈良県
7213,山口県
7214,宮崎県
7215,広島県
7216,富山県
7217,大阪府
7218,山梨県
7219,鳥取県
7220,大阪府
7221,埼玉県
7222,三重県
7223,徳島県
7224,福岡県
7225,愛媛県
7226,静岡県
7227,鳥取県
7228,神奈川県
7229,千葉県
7230,奈良県
7231,茨城県
7232,大分県
7233,鹿児島県
7234,福島県
7235,静岡県
7236,富山県
7237,大阪府
7238,滋賀県
7239,大阪府
7240,福井県
7241,福島県
7242,群馬県
7243,大分県
7244,大阪府
7245,三重県
7246,石川県
7247,京都府
7248,佐賀県
7249,山形県
7250,広島県
7251,三重県
7252,群馬県
7253,愛知県
7254,東京都
7255,広島県
7256,島根県
7257,熊本県
7258,滋賀県
7259,山梨県
7260,青森県
7261,岐阜県
7262,秋田県
7263,山形県
7264,熊本県
7265,秋田県
7266,京都府
7267,岩手県
7268,福島県
7269,福岡県
7270,奈良県
7271,徳島県
7272,新潟県
7273,滋賀県
7274,埼玉県
7275,徳島県
7276,三重県
7277,大阪府
7278,岩手県
7279,滋賀県
7280,福島県
7281,東京都
7282,山梨県
7283,福島県
7284,長野県
7285,福島県
7286,神奈川県
7287,茨城県
7288,三重県
7289,鹿児島県
7290,福井県
7291,沖縄県
7292,兵庫県
7293,栃木県
7294,長野県
7295,秋田県
7296,京都府
7297,福岡県
7298,東京都
7299,岩手県
7300,沖縄県
7301,新潟県
7302,京都府
7303,沖縄県
7304,三重県
7305,福井県
7306,東京都
7307,滋賀県
7308,兵庫県
7309,北海道
7310,茨城県
7311,富山県
7312,山口県
7313,新潟県
7314,三重県
7315,奈良県
7316,福井県
7317,青森県
7318,大阪府
7319,富山県
7320,鹿児島県
7321,徳島県
7322,滋賀県
7323,香川県
7324,滋賀県
7325,大阪府
7326,福井県
7327,大阪府
7328,青森県
7329,奈良県
7330,大分県
7331,沖縄県
7332,山梨県
7333,愛媛県
7334,島根県
7335,新潟県
7336,東京都
7337,兵庫県
7338,和歌山県
7339,岡山県
7340,宮崎県
7341,香川県
7342,茨城県
7343,香川県
7344,群馬県
7345,群馬県
7346,岐阜県
7347,青森県
7348,東京都
7349,京都府
7350,北海道
7351,佐賀県
7352,富山県
7353,新潟県
7354,広島県
7355,茨城県
7356,東京都
7357,鹿児島県
7358,栃木県
7359,滋賀県
7360,高知県
7361,大阪府
7362,東京都
7363,和歌山県
7364,神奈川県
7365,神奈川県
7366,滋賀県
7367,新潟県
7368,宮城県
7369,大阪府
7370,佐賀県
7371,佐賀県
7372,佐賀県
7373,長野県
7374,福岡県
7375,鳥取県
7376,秋田県
7377,広島県
7378,広島県
7379,岐阜県
7380,山梨県
7381,宮崎県
7382,岐阜県
7383,三重県
7384,滋賀県
7385,島根県
7386,兵庫県
7387,東京都
7388,熊本県
7389,和歌山県
7390,大阪府
7391,長野県
7392,愛知県
7393,岡山県
7394,京都府
7395,東京都
7396,鳥取県
7397,大阪府
7398,愛媛県
7399,群馬県
7400,山形県
7401,茨城県
7402,島根県
7403,岐阜県
7404,栃木県
7405,大阪府
7406,大阪府
7407,群馬県
7408,群馬県
7409,愛知県
7410,京都府
7411,宮城県
7412,島根県
7413,青森県
7414,山梨県
7415,滋賀県
7416,沖縄県
7417,徳島県
7418,高知県
7419,富山県
7420,愛媛県
7421,佐賀県
7422,三重県
7423,千葉県
7424,東京都
7425,東京都
7426,長崎県
7427,大阪府
7428,大阪府
7429,京都府
7430,青森県
7431,宮城県
7432,神奈川県
7433,北海道
7434,宮城県
7435,大分県
7436,神奈川県
7437,茨城県
7438,長野県
7439,京都府
7440,山形県
7441,北海道
7442,千葉県
7443,静岡県
7444,島根県
7445,東京都
7446,徳島県
7447,愛媛県
7448,東京都
7449,神奈川県
7450,新潟県
7451,香川県
7452,静岡県
7453,新潟県
7454,香川県
7455,秋田県
7456,香川県
7457,沖縄県
7458,三重県
7459,新潟県
7460,兵庫県
7461,岐阜県
7462,群馬県
7463,北海道
7464,沖縄県
7465,山梨県
7466,奈良県
7467,岡山県
7468,新潟県
7469,広島県
7470,東京都
7471,群馬県
7472,山口県
7473,大阪府
7474,長野県
7475,山形県
7476,山形県
7477,東京都
7478,新潟県
7479,徳島県
7480,東京都
7481,島根県
7482,栃木県
7483,大分県
7484,香川県
7485,高知県
7486,香川県
7487,徳島県
7488,岩手県
7489,宮城県
7490,香川県
7491,広島県
7492,新潟県
7493,岡山県
7494,広島県
7495,沖縄県
7496,鹿児島県
7497,福岡県
7498,山口県
7499,福井県
7500,大阪府
7501,高知県
7502,福岡県
7503,大阪府
7504,長野県
7505,山梨県
7506,大分県
7507,鹿児島県
7508,富山県
7509,宮崎県
7510,群馬県
7511,香川県
7512,徳島県
7513,岡山県
7514,三重県
7515,岩手県
7516,滋賀県
7517,高知県
7518,福島県
7519,東京都
7520,徳島県
7521,北海道
7522,宮崎県
7523,長野県
7524,愛知県
7525,長崎県
7526,宮城県
7527,千葉県
7528,京都府
7529,秋田県
7530,東京都
7531,長崎県
7532,山形県
7533,愛知県
7534,富山県
7535,兵庫県
7536,熊本県
7537,岡山県
7538,宮城県
7539,島根県
7540,神奈川県
7541,大分県
7542,埼玉県
7543,大分県
7544,静岡県
7545,京都府
7546,徳島県
7547,京都府
7548,石川県
7549,京都府
7550,栃木県
7551,宮崎県
7552,福井県
7553,山形県
7554,山梨県
7555,兵庫県
7556,長野県
7557,東京都
7558,香川県
7559,沖縄県
7560,静岡県
7561,東京都
7562,福岡県
7563,山形県
7564,石川県
7565,埼玉県
7566,長野県
7567,岡山県
7568,長野県
7569,山梨県
7570,群馬県
7571,兵庫県
7572,山梨県
7573,広島県
7574,高知県
7575,大分県
7576,茨城県
7577,青森県
7578,栃木県
7579,大阪府
7580,北海道
7581,新潟県
7582,新潟県
7583,山梨県
7584,長野県
7585,大阪府
7586,三重県
7587,神奈川県
7588,神奈川県
7589,福岡県
7590,鹿児島県
7591,埼玉県
7592,香川県
7593,三重県
7594,香川県
7595,京都府
7596,宮崎県
7597,奈良県
7598,和歌山県
7599,福井県
7600,兵庫県
7601,鹿児島県
7602,群馬県
7603,大分県
7604,愛知県
7605,青森県
7606,群馬県
7607,滋賀県
7608,山形県
7609,静岡県
7610,秋田県
7611,富山県
7612,茨城県
7613,福井県
7614,奈良県
7615,秋田県
7616,新潟県
7617,宮城県
7618,大阪府
7619,福井県
7620,福島県
7621,青森県
7622,愛媛県
7623,山梨県
7624,山口県
7625,富山県
7626,長野県
7627,岡山県
7628,愛知県
7629,高知県
7630,岩手県
7631,新潟県
7632,静岡県
7633,富山県
7634,宮城県
7635,大阪府
7636,島根県
7637,東京都
7638,茨城県
7639,秋田県
7640,北海道
7641,新潟県
7642,佐賀県
7643,愛媛県
7644,鳥取県
7645,石川県
7646,岐阜県
7647,福島県
7648,大阪府
7649,長崎県
7650,東京都
7651,静岡県
7652,宮崎県
7653,愛知県
7654,熊本県
7655,佐賀県
7656,岐阜県
7657,沖縄県
7658,茨城県
7659,神奈川県
7660,富山県
7661,新潟県
7662,大分県
7663,岐阜県
7664,東京都
7665,愛媛県
7666,秋田県
7667,埼玉県
7668,宮崎県
7669,石川県
7670,大分県
7671,東京都
7672,山形県
7673,福井県
7674,静岡県
7675,神奈川県
7676,宮城県
7677,愛知県
7678,静岡県
7679,群馬県
7680,岐阜県
7681,岩手県
7682,熊本県
7683,宮崎県
7684,宮城県
7685,和歌山県
7686,熊本県
7687,高知県
7688,長野県
7689,大阪府
7690,富山県
7691,佐賀県
7692,佐賀県
7693,青森県
7694,富山県
7695,兵庫県
7696,宮崎県
7697,静岡県
7698,岩手県
7699,佐賀県
7700,千葉県
7701,埼玉県
7702,京都府
7703,大阪府
7704,和歌山県
7705,熊本県
7706,愛媛県
7707,長野県
7708,千葉県
7709,青森県
7710,福岡県
7711,群馬県
7712,鳥取県
7713,長野県
7714,茨城県
7715,兵庫県
7716,東京都
7717,神奈川県
7718,静岡県
7719,東京都
7720,福島県
7721,奈良県
7722,栃木県
7723,高知県
7724,香川県
7725,東京都
7726,鳥取県
7727,福岡県
7728,滋賀県
7729,愛媛県
7730,新潟県
7731,兵庫県
7732,高知県
7733,福岡県
7734,茨城県
7735,佐賀県
7736,群馬県
7737,静岡県
7738,新潟県
7739,岐阜県
7740,長崎県
7741,奈良県
7742,群馬県
7743,広島県
7744,富山県
7745,福井県
7746,兵庫県
7747,長崎県
7748,三重県
7749,熊本県
7750,鳥取県
7751,愛媛県
7752,神奈川県
7753,島根県
7754,福島県
7755,富山県
7756,東京都
7757,滋賀県
7758,秋田県
7759,山形県
7760,沖縄県
7761,大阪府
7762,長野県
7763,茨城県
7764,静岡県
7765,香川県
7766,鹿児島県
7767,岐阜県
7768,徳島県
7769,岡山県
7770,熊本県
7771,愛知県
7772,大阪府
7773,大分県
7774,熊本県
7775,沖縄県
7776,大阪府
7777,徳島県
7778,静岡県
7779,長野県
7780,青森県
7781,新潟県
7782,青森県
7783,岩手県
7784,神奈川県
7785,栃木県
7786,宮城県
7787,神奈川県
7788,青森県
7789,鳥取県
7790,青森県
7791,熊本県
7792,山口県
7793,高知県
7794,滋賀県
7795,熊本県
7796,富山県
7797,青森県
7798,静岡県
7799,福岡県
7800,広島県
7801,福岡県
7802,鹿児島県
7803,富山県
7804,大分県
7805,愛媛県
7806,秋田県
7807,熊本県
7808,滋賀県
7809,佐賀県
7810,福井県
7811,群馬県
7812,岡山県
7813,香川県
7814,山梨県
7815,長崎県
7816,山形県
7817,群馬県
7818,鳥取県
7819,熊本県
7820,新潟県
7821,兵庫県
7822,佐賀県
7823,熊本県
7824,愛知県
7825,群馬県
7826,高知県
7827,愛知県
7828,佐賀県
7829,岐阜県
7830,鹿児島県
7831,愛媛県
7832,大阪府
7833,岩手県
7834,神奈川県
7835,高知県
7836,香川県
7837,岡山県
7838,兵庫県
7839,京都府
7840,宮城県
7841,山口県
7842,長野県
7843,大阪府
7844,山口県
7845,広島県
7846,徳島県
7847,千葉県
7848,新潟県
7849,群馬県
7850,秋田県
7851,茨城県
7852,宮崎県
7853,滋賀県
7854,秋田県
7855,東京都
7856,三重県
7857,青森県
7858,富山県
7859,宮崎県
7860,鳥取県
7861,千葉県
7862,千葉県
7863,新潟県
7864,山口県
7865,北海道
7866,高知県
7867,京都府
7868,秋田県
7869,神奈川県
7870,東京都
7871,徳島県
7872,山形県
7873,岩手県
7874,東京都
7875,島根県
7876,新潟県
7877,石川県
7878,長崎県
7879,広島県
7880,群馬県
7881,兵庫県
7882,香川県
7883,静岡県
7884,兵庫県
7885,京都府
7886,栃木県
7887,秋田県
7888,熊本県
7889,鹿児島県
7890,宮城県
7891,千葉県
7892,静岡県
7893,広島県
7894,岡山県
7895,三重県
7896,兵庫県
7897,大阪府
7898,東京都
7899,京都府
7900,奈良県
7901,福島県
7902,宮城県
7903,新潟県
7904,兵庫県
7905,岡山県
7906,石川県
7907,長野県
7908,福島県
7909,高知県
7910,三重県
7911,富山県
7912,徳島県
7913,栃木県
7914,新潟県
7915,山口県
7916,宮城県
7917,神奈川県
7918,福島県
7919,宮城県
7920,福井県
7921,大分県
7922,兵庫県
7923,兵庫県
7924,福井県
7925,静岡県
7926,京都府
7927,茨城県
7928,静岡県
7929,福井県
7930,徳島県
7931,沖縄県
7932,長崎県
7933,大阪府
7934,福岡県
7935,宮城県
7936,大阪府
7937,鹿児島県
7938,埼玉県
7939,栃木県
7940,岡山県
7941,福井県
7942,新潟県
7943,大分県
7944,鹿児島県
7945,広島県
7946,京都府
7947,神奈川県
7948,北海道
7949,岡山県
7950,長崎県
7951,北海道
7952,宮崎県
7953,滋賀県
7954,大阪府
7955,京都府
7956,石川県
7957,三重県
7958,和歌山県
7959,熊本県
7960,兵庫県
7961,岐阜県
7962,長野県
7963,京都府
7964,京都府
7965,埼玉県
7966,京都府
7967,宮城県
7968,東京都
7969,滋賀県
7970,群馬県
7971,長野県
7972,福岡県
7973,広島県
7974,栃木県
7975,福井県
7976,秋田県
7977,京都府
7978,宮城県
7979,兵庫県
7980,千葉県
7981,山梨県
7982,岡山県
7983,石川県
7984,栃木県
7985,青森県
7986,北海道
7987,千葉県
7988,長野県
7989,秋田県
7990,長野県
7991,岡山県
7992,東京都
7993,群馬県
7994,奈良県
7995,香川県
7996,大阪府
7997,沖縄県
7998,徳島県
7999,愛媛県
8000,山梨県
8001,千葉県
8002,山形県
8003,石川県
8004,群馬県
8005,秋田県
8006,東京都
8007,福岡県
8008,福岡県
8009,愛知県
8010,福岡県
8011,長崎県
8012,福島県
8013,埼玉県
8014,京都府
8015,埼玉県
8016,愛知県
8017,三重県
8018,岐阜県
8019,京都府
8020,神奈川県
8021,埼玉県
8022,埼玉県
8023,岩手県
8024,福岡県
8025,岐阜県
8026,沖縄県
8027,岡山県
8028,滋賀県
8029,滋賀県
8030,佐賀県
8031,三重県
8032,愛知県
8033,島根県
8034,山梨県
8035,長崎県
8036,新潟県
8037,山口県
8038,愛媛県
8039,北海道
8040,福岡県
8041,鹿児島県
8042,富山県
8043,神奈川県
8044,大阪府
8045,福岡県
8046,熊本県
8047,岐阜県
8048,福岡県
8049,山形県
8050,神奈川県
8051,福井県
8052,熊本県
8053,熊本県
8054,宮城県
8055,東京都
8056,茨城県
8057,静岡県
8058,福井県
8059,大分県
8060,香川県
8061,千葉県
8062,高知県
8063,岡山県
8064,東京都
8065,大分県
8066,長崎県
8067,広島県
8068,佐賀県
8069,岡山県
8070,茨城県
8071,愛知県
8072,山口県
8073,熊本県
8074,石川県
8075,富山県
8076,千葉県
8077,青森県
8078,沖縄県
8079,大阪府
8080,山形県
8081,島根県
8082,石川県
8083,福岡県
8084,熊本県
8085,岐阜県
8086,佐賀県
8087,石川県
8088,東京都
8089,岐阜県
8090,長野県
8091,福井県
8092,長崎県
8093,広島県
8094,熊本県
8095,富山県
8096,愛知県
8097,石川県
8098,富山県
8099,宮城県
8100,岩手県
8101,奈良県
8102,群馬県
8103,佐賀県
8104,東京都
8105,岐阜県
8106,大阪府
8107,青森県
8108,大阪府
8109,岡山県
8110,徳島県
8111,東京都
8112,佐賀県
8113,埼玉県
8114,福岡県
8115,徳島県
8116,山梨県
8117,岩手県
8118,群馬県
8119,大分県
8120,島根県
8121,大阪府
8122,青森県
8123,大阪府
8124,北海道
8125,福井県
8126,広島県
8127,宮城県
8128,兵庫県
8129,静岡県
8130,石川県
8131,千葉県
8132,宮崎県
8133,福島県
8134,群馬県
8135,愛媛県
8136,愛媛県
8137,山形県
8138,山形県
8139,茨城県
8140,大阪府
8141,長崎県
8142,兵庫県
8143,山口県
8144,青森県
8145,山形県
8146,新潟県
8147,千葉県
8148,富山県
8149,群馬県
8150,福岡県
8151,和歌山県
8152,北海道
8153,秋田県
8154,富山県
8155,兵庫県
8156,福岡県
8157,長崎県
8158,新潟県
8159,富山県
8160,和歌山県
8161,東京都
8162,山口県
8163,東京都
8164,宮城県
8165,長野県
8166,福岡県
8167,滋賀県
8168,山梨県
8169,山口県
8170,沖縄県
8171,石川県
8172,宮崎県
8173,長崎県
8174,秋田県
8175,福井県
8176,和歌山県
8177,北海道
8178,高知県
8179,滋賀県
8180,大分県
8181,東京都
8182,福岡県
8183,大阪府
8184,宮城県
8185,神奈川県
8186,兵庫県
8187,大阪府
8188,神奈川県
8189,和歌山県
8190,神奈川県
8191,岐阜県
8192,福井県
8193,大阪府
8194,大阪府
8195,大阪府
8196,奈良県
8197,群馬県
8198,大阪府
8199,富山県
8200,岐阜県
8201,宮崎県
8202,京都府
8203,東京都
8204,高知県
8205,青森県
8206,山形県
8207,長野県
8208,鳥取県
8209,茨城県
8210,愛知県
8211,宮城県
8212,富山県
8213,和歌山県
8214,三重県
8215,奈良県
8216,山形県
8217,宮崎県
8218,大阪府
8219,沖縄県
8220,北海道
8221,秋田県
8222,東京都
8223,広島県
8224,石川県
8225,岩手県
8226,和歌山県
8227,長崎県
8228,神奈川県
8229,島根県
8230,京都府
8231,茨城県
8232,新潟県
8233,福島県
8234,千葉県
8235,山形県
8236,富山県
8237,熊本県
8238,北海道
8239,神奈川県
8240,東京都
8241,福井県
8242,兵庫県
8243,兵庫県
8244,愛媛県
8245,埼玉県
8246,青森県
8247,熊本県
8248,山梨県
8249,三重県
8250,宮城県
8251,熊本県
8252,三重県
8253,京都府
8254,岡山県
8255,兵庫県
8256,福岡県
8257,兵庫県
8258,秋田県
8259,青森県
8260,佐賀県
8261,埼玉県
8262,沖縄県
8263,奈良県
8264,滋賀県
8265,東京都
8266,岐阜県
8267,三重県
8268,山口県
8269,大阪府
8270,福島県
8271,秋田県
8272,宮崎県
8273,沖縄県
8274,香川県
8275,長崎県
8276,岡山県
8277,長野県
8278,福島県
8279,長崎県
8280,石川県
8281,埼玉県
8282,大分県
8283,秋田県
8284,佐賀県
8285,群馬県
8286,佐賀県
8287,神奈川県
8288,熊本県
8289,福島県
8290,三重県
8291,岐阜県
8292,東京都
8293,大阪府
8294,茨城県
8295,大阪府
8296,東京都
8297,茨城県
8298,長崎県
8299,埼玉県
8300,福井県
8301,秋田県
8302,山口県
8303,神奈川県
8304,北海道
8305,宮崎県
8306,福島県
8307,富山県
8308,島根県
8309,神奈川県
8310,鳥取県
8311,香川県
8312,広島県
8313,佐賀県
8314,広島県
8315,神奈川県
8316,兵庫県
8317,岐阜県
8318,沖縄県
8319,山口県
8320,富山県
8321,大阪府
8322,大分県
8323,群馬県
8324,福岡県
8325,奈良県
8326,熊本県
8327,香川県
8328,鳥取県
8329,奈良県
8330,島根県
8331,神奈川県
8332,大分県
8333,山口県
8334,茨城県
8335,福井県
8336,岩手県
8337,茨城県
8338,群馬県
8339,愛媛県
8340,兵庫県
8341,鹿児島県
8342,愛媛県
8343,愛知県
8344,岡山県
8345,長崎県
8346,埼玉県
8347,三重県
8348,高知県
8349,栃木県
8350,新潟県
8351,三重県
8352,山形県
8353,奈良県
8354,熊本県
8355,大阪府
8356,東京都
8357,大阪府
8358,福島県
8359,東京都
8360,山口県
8361,富山県
8362,鹿児島県
8363,福島県
8364,兵庫県
8365,北海道
8366,秋田県
8367,福島県
8368,富山県
8369,鳥取県
8370,宮城県
8371,長野県
8372,福井県
8373,新潟県
8374,東京都
8375,埼玉県
8376,石川県
8377,神奈川県
8378,和歌山県
8379,山梨県
8380,岩手県
8381,福井県
8382,山口県
8383,佐賀県
8384,高知県
8385,山梨県
8386,佐賀県
8387,秋田県
8388,長野県
8389,徳島県
8390,佐賀県
8391,和歌山県
8392,石川県
8393,埼玉県
8394,大分県
8395,静岡県
8396,大阪府
8397,兵庫県
8398,奈良県
8399,神奈川県
8400,高知県
8401,大阪府
8402,東京都
8403,福島県
8404,岩手県
8405,岡山県
8406,京都府
8407,石川県
8408,和歌山県
8409,石川県
8410,北海道
8411,島根県
8412,沖縄県
8413,青森県
8414,三重県
8415,愛媛県
8416,山口県
8417,青森県
8418,岩手県
8419,北海道
8420,群馬県
8421,京都府
8422,東京都
8423,広島県
8424,北海道
8425,鳥取県
8426,秋田県
8427,東京都
8428,鹿児島県
8429,福岡県
8430,沖縄県
8431,香川県
8432,京都府
8433,大阪府
8434,愛知県
8435,山形県
8436,長野県
8437,長崎県
8438,福岡県
8439,和歌山県
8440,茨城県
8441,大阪府
8442,大阪府
8443,神奈川県
8444,岡山県
8445,富山県
8446,宮城県
8447,京都府
8448,兵庫県
8449,香川県
8450,島根県
8451,島根県
8452,佐賀県
8453,東京都
8454,群馬県
8455,宮崎県
8456,沖縄県
8457,徳島県
8458,山形県
8459,鳥取県
8460,山口県
8461,大分県
8462,福井県
8463,鹿児島県
8464,静岡県
8465,山梨県
8466,神奈川県
8467,山梨県
8468,奈良県
8469,大阪府
8470,京都府
8471,福岡県
8472,大分県
8473,東京都
8474,兵庫県
8475,東京都
8476,群馬県
8477,東京都
8478,大阪府
8479,和歌山県
8480,大分県
8481,山形県
8482,東京都
8483,愛媛県
8484,東京都
8485,長崎県
8486,徳島県
8487,福岡県
8488,静岡県
8489,愛媛県
8490,富山県
8491,神奈川県
8492,高知県
8493,栃木県
8494,広島県
8495,栃木県
8496,長崎県
8497,福井県
8498,茨城県
8499,群馬県
8500,千葉県
8501,青森県
8502,東京都
8503,岩手県
8504,和歌山県
8505,鳥取県
8506,青森県
8507,鹿児島県
8508,大阪府
8509,島根県
8510,兵庫県
8511,広島県
8512,三重県
8513,大阪府
8514,京都府
8515,大阪府
8516,佐賀県
8517,宮崎県
8518,鳥取県
8519,山梨県
8520,千葉県
8521,京都府
8522,岩手県
8523,岡山県
8524,長野県
8525,大阪府
8526,大阪府
8527,大阪府
8528,神奈川県
8529,島根県
8530,静岡県
8531,福島県
8532,三重県
8533,兵庫県
8534,広島県
8535,富山県
8536,埼玉県
8537,石川県
8538,北海道
8539,和歌山県
8540,京都府
8541,神奈川県
8542,北海道
8543,山口県
8544,徳島県
8545,京都府
8546,愛知県
8547,滋賀県
8548,宮崎県
8549,沖縄県
8550,山形県
8551,岐阜県
8552,長野県
8553,北海道
8554,京都府
8555,宮崎県
8556,大阪府
8557,大阪府
8558,千葉県
8559,栃木県
8560,福岡県
8561,鳥取県
8562,大阪府
8563,岡山県
8564,山形県
8565,福井県
8566,徳島県
8567,埼玉県
8568,島根県
8569,東京都
8570,三重県
8571,神奈川県
8572,広島県
8573,奈良県
8574,広島県
8575,福岡県
8576,東京都
8577,山形県
8578,宮城県
8579,山形県
8580,愛媛県
8581,鹿児島県
8582,神奈川県
8583,島根県
8584,高知県
8585,和歌山県
8586,岩手県
8587,山口県
8588,大分県
8589,岡山県
8590,福岡県
8591,佐賀県
8592,神奈川県
8593,新潟県
8594,福島県
8595,宮崎県
8596,兵庫県
8597,山口県
8598,群馬県
8599,茨城県
8600,京都府
8601,群馬県
8602,千葉県
8603,静岡県
8604,滋賀県
8605,滋賀県
8606,愛知県
8607,大阪府
8608,熊本県
8609,鳥取県
8610,大阪府
8611,京都府
8612,福島県
8613,大阪府
8614,山形県
8615,大阪府
8616,宮崎県
8617,静岡県
8618,滋賀県
8619,福井県
8620,東京都
8621,和歌山県
8622,石川県
8623,佐賀県
8624,大阪府
8625,滋賀県
8626,茨城県
8627,福岡県
8628,富山県
8629,宮城県
8630,京都府
8631,栃木県
8632,福井県
8633,京都府
8634,石川県
8635,滋賀県
8636,香川県
8637,大阪府
8638,福井県
8639,岡山県
8640,大阪府
8641,岐阜県
8642,愛媛県
8643,鹿児島県
8644,岡山県
8645,富山県
8646,富山県
8647,福井県
8648,徳島県
8649,大阪府
8650,青森県
8651,東京都
8652,香川県
8653,岩手県
8654,岩手県
8655,広島県
8656,鹿児島県
8657,福岡県
8658,沖縄県
8659,北海道
8660,兵庫県
8661,岩手県
8662,神奈川県
8663,山梨県
8664,神奈川県
8665,大阪府
8666,大阪府
8667,京都府
8668,京都府
8669,静岡県
8670,長崎県
8671,鹿児島県
8672,山口県
8673,青森県
8674,福井県
8675,沖縄県
8676,神奈川県
8677,福岡県
8678,宮城県
8679,沖縄県
8680,大阪府
8681,岩手県
8682,島根県
8683,宮崎県
8684,北海道
8685,大阪府
8686,長野県
8687,沖縄県
8688,山梨県
8689,千葉県
8690,大分県
8691,和歌山県
8692,福岡県
8693,福井県
8694,鹿児島県
8695,東京都
8696,京都府
8697,秋田県
8698,神奈川県
8699,茨城県
8700,埼玉県
8701,滋賀県
8702,徳島県
8703,奈良県
8704,徳島県
8705,長崎県
8706,熊本県
8707,千葉県
8708,福島県
8709,山口県
8710,福島県
8711,群馬県
8712,栃木県
8713,東京都
8714,富山県
8715,兵庫県
8716,長崎県
8717,熊本県
8718,神奈川県
8719,茨城県
8720,佐賀県
8721,徳島県
8722,宮崎県
8723,神奈川県
8724,大阪府
8725,鳥取県
8726,高知県
8727,福井県
8728,山形県
8729,山梨県
8730,富山県
8731,三重県
8732,北海道
8733,新潟県
8734,和歌山県
8735,北海道
8736,山口県
8737,京都府
8738,熊本県
8739,静岡県
8740,長野県
8741,東京都
8742,栃木県
8743,北海道
8744,長崎県
8745,青森県
8746,東京都
8747,愛知県
8748,大阪府
8749,岐阜県
8750,福島県
8751,愛知県
8752,埼玉県
8753,徳島県
8754,福島県
8755,富山県
8756,秋田県
8757,長崎県
8758,奈良県
8759,三重県
8760,岐阜県
8761,岡山県
8762,三重県
8763,三重県
8764,京都府
8765,東京都
8766,岐阜県
8767,高知県
8768,東京都
8769,東京都
8770,岩手県
8771,宮崎県
8772,東京都
8773,埼玉県
8774,岩手県
8775,滋賀県
8776,埼玉県
8777,鹿児島県
8778,富山県
8779,千葉県
8780,長崎県
8781,山形県
8782,兵庫県
8783,佐賀県
8784,千葉県
8785,長崎県
8786,鳥取県
8787,千葉県
8788,東京都
8789,岩手県
8790,熊本県
8791,滋賀県
8792,福岡県
8793,鳥取県
8794,香川県
8795,広島県
8796,千葉県
8797,高知県
8798,大阪府
8799,福井県
8800,富山県
8801,大阪府
8802,兵庫県
8803,東京都
8804,岩手県
8805,福島県
8806,愛媛県
8807,鹿児島県
8808,佐賀県
8809,山口県
8810,秋田県
8811,香川県
8812,群馬県
8813,東京都
8814,三重県
8815,群馬県
8816,福岡県
8817,石川県
8818,北海道
8819,福井県
8820,千葉県
8821,東京都
8822,愛媛県
8823,福岡県
8824,京都府
8825,茨城県
8826,香川県
8827,大阪府
8828,山形県
8829,大分県
8830,島根県
8831,愛知県
8832,徳島県
8833,大阪府
8834,石川県
8835,山口県
8836,北海道
8837,三重県
8838,宮崎県
8839,富山県
8840,栃木県
8841,長崎県
8842,大阪府
8843,鹿児島県
8844,香川県
8845,山形県
8846,福島県
8847,埼玉県
8848,京都府
8849,広島県
8850,沖縄県
8851,京都府
8852,和歌山県
8853,福岡県
8854,山口県
8855,京都府
8856,神奈川県
8857,徳島県
8858,埼玉県
8859,沖縄県
8860,岡山県
8861,徳島県
8862,鹿児島県
8863,東京都
8864,静岡県
8865,宮城県
8866,滋賀県
8867,東京都
8868,千葉県
8869,埼玉県
8870,群馬県
8871,高知県
8872,鳥取県
8873,長崎県
8874,栃木県
8875,新潟県
8876,茨城県
8877,栃木県
8878,群馬県
8879,愛知県
8880,沖縄県
8881,福井県
8882,福岡県
8883,大阪府
8884,徳島県
8885,大阪府
8886,和歌山県
8887,愛知県
8888,神奈川県
8889,栃木県
8890,山形県
8891,長崎県
8892,山梨県
8893,静岡県
8894,鳥取県
8895,三重県
8896,滋賀県
8897,鳥取県
8898,大阪府
8899,青森県
8900,山梨県
8901,栃木県
8902,福井県
8903,徳島県
8904,栃木県
8905,愛知県
8906,宮崎県
8907,鹿児島県
8908,新潟県
8909,岡山県
8910,徳島県
8911,徳島県
8912,神奈川県
8913,宮崎県
8914,山形県
8915,山形県
8916,奈良県
8917,長野県
8918,滋賀県
8919,神奈川県
8920,岐阜県
8921,香川県
8922,大阪府
8923,高知県
8924,滋賀県
8925,京都府
8926,兵庫県
8927,長野県
8928,東京都
8929,京都府
8930,鹿児島県
8931,静岡県
8932,佐賀県
8933,京都府
8934,長崎県
8935,兵庫県
8936,高知県
8937,愛知県
8938,群馬県
8939,富山県
8940,宮崎県
8941,愛知県
8942,兵庫県
8943,長野県
8944,岡山県
8945,岐阜県
8946,栃木県
8947,大阪府
8948,鳥取県
8949,宮城県
8950,愛知県
8951,大分県
8952,大分県
8953,岩手県
8954,和歌山県
8955,茨城県
8956,広島県
8957,秋田県
8958,愛媛県
8959,福岡県
8960,広島県
8961,富山県
8962,愛知県
8963,愛媛県
8964,静岡県
8965,富山県
8966,大阪府
8967,島根県
8968,愛知県
8969,鹿児島県
8970,大阪府
8971,東京都
8972,青森県
8973,鹿児島県
8974,長野県
8975,京都府
8976,茨城県
8977,滋賀県
8978,兵庫県
8979,鹿児島県
8980,埼玉県
8981,埼玉県
8982,石川県
8983,岩手県
8984,福岡県
8985,山梨県
8986,山形県
8987,東京都
8988,福岡県
8989,鹿児島県
8990,長野県
8991,東京都
8992,長野県
8993,秋田県
8994,石川県
8995,熊本県
8996,山口県
8997,兵庫県
8998,大分県
8999,静岡県
9000,岐阜県
9001,神奈川県
9002,京都府
9003,徳島県
9004,神奈川県
9005,山形県
9006,神奈川県
9007,岡山県
9008,福島県
9009,岩手県
9010,富山県
9011,佐賀県
9012,熊本県
9013,兵庫県
9014,岐阜県
9015,神奈川県
9016,新潟県
9017,山形県
9018,広島県
9019,新潟県
9020,愛知県
9021,石川県
9022,宮城県
9023,静岡県
9024,佐賀県
9025,東京都
9026,長野県
9027,群馬県
9028,京都府
9029,富山県
9030,神奈川県
9031,福島県
9032,山口県
9033,愛知県
9034,富山県
9035,沖縄県
9036,茨城県
9037,東京都
9038,宮城県
9039,三重県
9040,福岡県
9041,大分県
9042,兵庫県
9043,奈良県
9044,埼玉県
9045,滋賀県
9046,広島県
9047,広島県
9048,愛媛県
9049,東京都
9050,大阪府
9051,埼玉県
9052,神奈川県
9053,北海道
9054,佐賀県
9055,長野県
9056,滋賀県
9057,福井県
9058,茨城県
9059,愛知県
9060,北海道
9061,熊本県
9062,静岡県
9063,山口県
9064,高知県
9065,愛知県
9066,京都府
9067,山形県
9068,鹿児島県
9069,滋賀県
9070,福岡県
9071,群馬県
9072,滋賀県
9073,岐阜県
9074,島根県
9075,兵庫県
9076,山口県
9077,熊本県
9078,京都府
9079,愛知県
9080,福井県
9081,埼玉県
9082,宮崎県
9083,京都府
9084,長野県
9085,徳島県
9086,長崎県
9087,石川県
9088,静岡県
9089,東京都
9090,愛知県
9091,大分県
9092,宮城県
9093,富山県
9094,埼玉県
9095,埼玉県
9096,千葉県
9097,茨城県
9098,千葉県
9099,和歌山県
9100,埼玉県
9101,広島県
9102,兵庫県
9103,東京都
9104,宮崎県
9105,大阪府
9106,長崎県
9107,鳥取県
9108,大阪府
9109,大阪府
9110,徳島県
9111,香川県
9112,京都府
9113,愛知県
9114,愛媛県
9115,兵庫県
9116,島根県
9117,石川県
9118,大阪府
9119,鳥取県
9120,熊本県
9121,三重県
9122,福島県
9123,富山県
9124,佐賀県
9125,東京都
9126,群馬県
9127,徳島県
9128,福島県
9129,鹿児島県
9130,香川県
9131,神奈川県
9132,長崎県
9133,沖縄県
9134,和歌山県
9135,佐賀県
9136,佐賀県
9137,埼玉県
9138,青森県
9139,神奈川県
9140,宮崎県
9141,栃木県
9142,島根県
9143,鳥取県
9144,長野県
9145,石川県
9146,茨城県
9147,佐賀県
9148,徳島県
9149,和歌山県
9150,静岡県
9151,岐阜県
9152,鹿児島県
9153,福井県
9154,鹿児島県
9155,鹿児島県
9156,京都府
9157,東京都
9158,福岡県
9159,栃木県
9160,神奈川県
9161,山梨県
9162,愛知県
9163,愛知県
9164,高知県
9165,徳島県
9166,鹿児島県
9167,佐賀県
9168,静岡県
9169,京都府
9170,山口県
9171,広島県
9172,東京都
9173,北海道
9174,神奈川県
9175,奈良県
9176,石川県
9177,宮城県
9178,青森県
9179,福井県
9180,青森県
9181,茨城県
9182,鳥取県
9183,新潟県
9184,香川県
9185,香川県
9186,岐阜県
9187,岩手県
9188,長崎県
9189,鹿児島県
9190,熊本県
9191,大阪府
9192,茨城県
9193,宮崎県
9194,石川県
9195,山形県
9196,東京都
9197,石川県
9198,熊本県
9199,愛知県
9200,島根県
9201,熊本県
9202,栃木県
9203,東京都
9204,静岡県
9205,高知県
9206,京都府
9207,山梨県
9208,愛媛県
9209,静岡県
9210,福井県
9211,新潟県
9212,宮崎県
9213,大分県
9214,京都府
9215,宮崎県
9216,兵庫県
9217,石川県
9218,福岡県
9219,新潟県
9220,岡山県
9221,広島県
9222,岩手県
9223,島根県
9224,千葉県
9225,東京都
9226,山口県
9227,岡山県
9228,愛知県
9229,愛知県
9230,長崎県
9231,東京都
9232,広島県
9233,石川県
9234,新潟県
9235,宮城県
9236,山梨県
9237,福井県
9238,東京都
9239,京都府
9240,茨城県
9241,徳島県
9242,愛媛県
9243,秋田県
9244,鹿児島県
9245,鹿児島県
9246,石川県
9247,熊本県
9248,千葉県
9249,香川県
9250,長崎県
9251,石川県
9252,滋賀県
9253,佐賀県
9254,鹿児島県
9255,千葉県
9256,栃木県
9257,宮崎県
9258,京都府
9259,愛媛県
9260,東京都
9261,京都府
9262,長崎県
9263,奈良県
9264,滋賀県
9265,茨城県
9266,新潟県
9267,新潟県
9268,福井県
9269,東京都
9270,大阪府
9271,徳島県
9272,京都府
9273,滋賀県
9274,岐阜県
9275,宮城県
9276,大阪府
9277,大阪府
9278,神奈川県
9279,静岡県
9280,愛媛県
9281,奈良県
9282,山形県
9283,宮崎県
9284,福井県
9285,滋賀県
9286,宮城県
9287,福井県
9288,埼玉県
9289,京都府
9290,宮城県
9291,奈良県
9292,富山県
9293,宮崎県
9294,青森県
9295,鳥取県
9296,岐阜県
9297,愛媛県
9298,静岡県
9299,東京都
9300,福井県
9301,茨城県
9302,大分県
9303,新潟県
9304,北海道
9305,和歌山県
9306,福井県
9307,徳島県
9308,広島県
9309,大分県
9310,秋田県
9311,香川県
9312,石川県
9313,千葉県
9314,岡山県
9315,青森県
9316,兵庫県
9317,栃木県
9318,東京都
9319,東京都
9320,兵庫県
9321,京都府
9322,愛知県
9323,大分県
9324,茨城県
9325,愛媛県
9326,愛媛県
9327,東京都
9328,神奈川県
9329,宮崎県
9330,北海道
9331,福岡県
9332,沖縄県
9333,福岡県
9334,山口県
9335,山口県
9336,鳥取県
9337,大阪府
9338,兵庫県
9339,大阪府
9340,長野県
9341,香川県
9342,長野県
9343,鹿児島県
9344,栃木県
9345,東京都
9346,長野県
9347,埼玉県
9348,奈良県
9349,山形県
9350,福井県
9351,佐賀県
9352,滋賀県
9353,佐賀県
9354,佐賀県
9355,鹿児島県
9356,沖縄県
9357,神奈川県
9358,新潟県
9359,東京都
9360,岐阜県
9361,茨城県
9362,東京都
9363,栃木県
9364,山口県
9365,山梨県
9366,福島県
9367,岩手県
9368,山形県
9369,東京都
9370,和歌山県
9371,福井県
9372,愛知県
9373,大阪府
9374,佐賀県
9375,埼玉県
9376,兵庫県
9377,富山県
9378,山形県
9379,岐阜県
9380,熊本県
9381,滋賀県
9382,大阪府
9383,岡山県
9384,富山県
9385,岡山県
9386,石川県
9387,福井県
9388,栃木県
9389,岡山県
9390,京都府
9391,東京都
9392,熊本県
9393,静岡県
9394,高知県
9395,大阪府
9396,静岡県
9397,青森県
9398,山梨県
9399,北海道
9400,鹿児島県
9401,山口県
9402,神奈川県
9403,兵庫県
9404,兵庫県
9405,岩手県
9406,東京都
9407,愛知県
9408,京都府
9409,大阪府
9410,鳥取県
9411,福岡県
9412,北海道
9413,東京都
9414,宮崎県
9415,栃木県
9416,埼玉県
9417,広島県
9418,宮崎県
9419,佐賀県
9420,長崎県
9421,島根県
9422,山梨県
9423,岐阜県
9424,鳥取県
9425,山梨県
9426,長崎県
9427,京都府
9428,奈良県
9429,三重県
9430,愛媛県
9431,山梨県
9432,青森県
9433,沖縄県
9434,茨城県
9435,熊本県
9436,愛知県
9437,沖縄県
9438,岡山県
9439,北海道
9440,福島県
9441,青森県
9442,福井県
9443,神奈川県
9444,愛知県
9445,愛知県
9446,茨城県
9447,和歌山県
9448,広島県
9449,宮城県
9450,三重県
9451,宮城県
9452,富山県
9453,埼玉県
9454,大阪府
9455,佐賀県
9456,神奈川県
9457,山口県
9458,愛媛県
9459,大阪府
9460,神奈川県
9461,山梨県
9462,鳥取県
9463,福島県
9464,岐阜県
9465,奈良県
9466,福井県
9467,岐阜県
9468,岡山県
9469,京都府
9470,大阪府
9471,東京都
9472,高知県
9473,茨城県
9474,大分県
9475,福岡県
9476,北海道
9477,高知県
9478,大阪府
9479,福井県
9480,栃木県
9481,茨城県
9482,沖縄県
9483,大阪府
9484,静岡県
9485,山口県
9486,山口県
9487,群馬県
9488,大阪府
9489,静岡県
9490,富山県
9491,岐阜県
9492,愛媛県
9493,愛知県
9494,長野県
9495,山口県
9496,秋田県
9497,高知県
9498,富山県
9499,茨城県
9500,和歌山県
9501,東京都
9502,千葉県
9503,愛知県
9504,神奈川県
9505,佐賀県
9506,岩手県
9507,大阪府
9508,愛媛県
9509,徳島県
9510,長野県
9511,鳥取県
9512,大阪府
9513,神奈川県
9514,愛媛県
9515,山形県
9516,福岡県
9517,鹿児島県
9518,東京都
9519,熊本県
9520,広島県
9521,福岡県
9522,滋賀県
9523,埼玉県
9524,愛知県
9525,長野県
9526,三重県
9527,兵庫県
9528,山口県
9529,鳥取県
9530,徳島県
9531,大阪府
9532,埼玉県
9533,長野県
9534,岐阜県
9535,富山県
9536,東京都
9537,広島県
9538,山形県
9539,宮崎県
9540,島根県
9541,和歌山県
9542,島根県
9543,福岡県
9544,鳥取県
9545,茨城県
9546,茨城県
9547,茨城県
9548,富山県
9549,東京都
9550,山形県
9551,島根県
9552,千葉県
9553,青森県
9554,埼玉県
9555,福島県
9556,東京都
9557,愛知県
9558,栃木県
9559,静岡県
9560,山口県
9561,埼玉県
9562,東京都
9563,長野県
9564,熊本県
9565,三重県
9566,千葉県
9567,新潟県
9568,三重県
9569,京都府
9570,福島県
9571,神奈川県
9572,奈良県
9573,愛媛県
9574,愛媛県
9575,三重県
9576,北海道
9577,熊本県
9578,大阪府
9579,千葉県
9580,熊本県
9581,広島県
9582,岡山県
9583,秋田県
9584,岐阜県
9585,島根県
9586,栃木県
9587,広島県
9588,神奈川県
9589,東京都
9590,福岡県
9591,山口県
9592,山口県
9593,徳島県
9594,長野県
9595,兵庫県
9596,三重県
9597,京都府
9598,青森県
9599,宮崎県
9600,山梨県
9601,長崎県
9602,東京都
9603,熊本県
9604,京都府
9605,三重県
9606,和歌山県
9607,福岡県
9608,宮城県
9609,神奈川県
9610,福岡県
9611,長野県
9612,千葉県
9613,秋田県
9614,東京都
9615,石川県
9616,京都府
9617,静岡県
9618,埼玉県
9619,宮城県
9620,新潟県
9621,兵庫県
9622,高知県
9623,奈良県
9624,鳥取県
9625,熊本県
9626,沖縄県
9627,京都府
9628,北海道
9629,福岡県
9630,秋田県
9631,富山県
9632,新潟県
9633,栃木県
9634,大分県
9635,広島県
9636,兵庫県
9637,山口県
9638,埼玉県
9639,岐阜県
9640,鳥取県
9641,山形県
9642,香川県
9643,愛知県
9644,徳島県
9645,茨城県
9646,群馬県
9647,茨城県
9648,鹿児島県
9649,三重県
9650,群馬県
9651,香川県
9652,神奈川県
9653,千葉県
9654,新潟県
9655,佐賀県
9656,山梨県
9657,埼玉県
9658,富山県
9659,愛媛県
9660,徳島県
9661,大阪府
9662,大阪府
9663,佐賀県
9664,兵庫県
9665,大阪府
9666,大分県
9667,大阪府
9668,愛媛県
9669,静岡県
9670,広島県
9671,三重県
9672,北海道
9673,静岡県
9674,東京都
9675,島根県
9676,島根県
9677,福岡県
9678,兵庫県
9679,熊本県
9680,山口県
9681,広島県
9682,和歌山県
9683,石川県
9684,島根県
9685,岐阜県
9686,三重県
9687,鹿児島県
9688,宮崎県
9689,愛媛県
9690,長崎県
9691,岡山県
9692,岡山県
9693,香川県
9694,大阪府
9695,秋田県
9696,大分県
9697,富山県
9698,福岡県
9699,富山県
9700,山口県
9701,大阪府
9702,神奈川県
9703,熊本県
9704,大阪府
9705,岩手県
9706,大分県
9707,宮崎県
9708,大阪府
9709,宮城県
9710,香川県
9711,大阪府
9712,宮城県
9713,茨城県
9714,京都府
9715,静岡県
9716,大阪府
9717,山形県
9718,岡山県
9719,北海道
9720,神奈川県
9721,愛知県
9722,鹿児島県
9723,山口県
9724,京都府
9725,埼玉県
9726,群馬県
9727,広島県
9728,兵庫県
9729,東京都
9730,島根県
9731,香川県
9732,佐賀県
9733,山形県
9734,長野県
9735,北海道
9736,東京都
9737,三重県
9738,栃木県
9739,大阪府
9740,静岡県
9741,新潟県
9742,滋賀県
9743,兵庫県
9744,兵庫県
9745,佐賀県
9746,大分県
9747,高知県
9748,東京都
9749,広島県
9750,奈良県
9751,新潟県
9752,奈良県
9753,鹿児島県
9754,徳島県
9755,神奈川県
9756,香川県
9757,宮城県
9758,兵庫県
9759,山形県
9760,岩手県
9761,鳥取県
9762,島根県
9763,徳島県
9764,愛知県
9765,栃木県
9766,静岡県
9767,富山県
9768,福井県
9769,秋田県
9770,宮崎県
9771,群馬県
9772,大阪府
9773,東京都
9774,愛知県
9775,神奈川県
9776,島根県
9777,香川県
9778,香川県
9779,和歌山県
9780,長野県
9781,熊本県
9782,群馬県
9783,香川県
9784,福岡県
9785,青森県
9786,兵庫県
9787,鹿児島県
9788,東京都
9789,宮崎県
9790,熊本県
9791,滋賀県
9792,京都府
9793,宮崎県
9794,福島県
9795,東京都
9796,富山県
9797,東京都
9798,大阪府
9799,岐阜県
9800,徳島県
9801,島根県
9802,京都府
9803,千葉県
9804,東京都
9805,山口県
9806,岡山県
9807,徳島県
9808,岡山県
9809,埼玉県
9810,長野県
9811,岩手県
9812,高知県
9813,東京都
9814,滋賀県
9815,大阪府
9816,徳島県
9817,岩手県
9818,群馬県
9819,青森県
9820,滋賀県
9821,山形県
9822,大分県
9823,青森県
9824,静岡県
9825,大阪府
9826,宮崎県
9827,岐阜県
9828,茨城県
9829,兵庫県
9830,山梨県
9831,岡山県
9832,熊本県
9833,福島県
9834,神奈川県
9835,兵庫県
9836,埼玉県
9837,高知県
9838,秋田県
9839,大阪府
9840,岡山県
9841,福岡県
9842,千葉県
9843,大阪府
9844,兵庫県
9845,福岡県
9846,鹿児島県
9847,青森県
9848,山梨県
9849,秋田県
9850,茨城県
9851,広島県
9852,福井県
9853,新潟県
9854,山形県
9855,京都府
9856,滋賀県
9857,青森県
9858,大分県
9859,宮城県
9860,山口県
9861,大分県
9862,福島県
9863,北海道
9864,宮崎県
9865,兵庫県
9866,奈良県
9867,滋賀県
9868,岩手県
9869,鹿児島県
9870,京都府
9871,栃木県
9872,長崎県
9873,京都府
9874,栃木県
9875,岩手県
9876,山梨県
9877,山梨県
9878,岩手県
9879,静岡県
9880,高知県
9881,愛媛県
9882,北海道
9883,大阪府
9884,静岡県
9885,兵庫県
9886,鹿児島県
9887,和歌山県
9888,奈良県
9889,三重県
9890,愛媛県
9891,山梨県
9892,静岡県
9893,和歌山県
9894,埼玉県
9895,茨城県
9896,京都府
9897,愛知県
9898,新潟県
9899,富山県
9900,佐賀県
9901,神奈川県
9902,東京都
9903,秋田県
9904,奈良県
9905,山口県
9906,佐賀県
9907,福岡県
9908,茨城県
9909,岡山県
9910,東京都
9911,大分県
9912,福井県
9913,埼玉県
9914,千葉県
9915,沖縄県
9916,愛媛県
9917,奈良県
9918,徳島県
9919,福井県
9920,鹿児島県
9921,鹿児島県
9922,滋賀県
9923,三重県
9924,大阪府
9925,大阪府
9926,山梨県
9927,青森県
9928,兵庫県
9929,福島県
9930,鹿児島県
9931,奈良県
9932,高知県
9933,岩手県
9934,愛媛県
9935,千葉県
9936,鹿児島県
9937,長野県
9938,神奈川県
9939,石川県
9940,宮崎県
9941,沖縄県
9942,岐阜県
9943,鳥取県
9944,福岡県
9945,鳥取県
9946,大阪府
9947,長野県
9948,島根県
9949,岩手県
9950,大阪府
9951,大分県
9952,京都府
9953,新潟県
9954,熊本県
9955,熊本県
9956,岩手県
9957,京都府
9958,大阪府
9959,新潟県
9960,長崎県
9961,奈良県
9962,兵庫県
9963,青森県
9964,山口県
9965,大阪府
9966,熊本県
9967,千葉県
9968,京都府
9969,愛知県
9970,秋田県
9971,宮崎県
9972,島根県
9973,兵庫県
9974,大阪府
9975,岡山県
9976,大阪府
9977,愛媛県
9978,石川県
9979,千葉県
9980,茨城県
9981,高知県
9982,千葉県
9983,岡山県
9984,群馬県
9985,群馬県
9986,山形県
9987,東京都
9988,福島県
9989,宮崎県
9990,神奈川県
9991,岡山県
9992,長野県
9993,山形県
9994,島根県
9995,岐阜県
9996,滋賀県
9997,大阪府
9998,高知県
9999,宮城県
10000,福井県
